nomAttribuant;idAttribuant;dateConvention;referenceDecision;nomBeneficiaire;idBeneficiaire;objet;montant;nature;conditionsVersement;datesPeriodeVersement;idRAE;notificationUE;pourcentageSubvention;secteur;catégorie;type
Toulouse Métropole;2,43E+13;;;3F OCCITANIE SA;7,17E+13;Subvention d'équipement;840690.0;aide en numéraire;échelonné;06/12/2022;;non;1;Immobilier;Logement social;SA conseil d'administration
Toulouse Métropole;2,43E+13;;;A CROQUER;8,30E+13;Subvention d'équipement;1000.0;aide en numéraire;unique;24/05/2022;;non;1;Restauration;Restauration rapide;Association loi 1901
Toulouse Métropole;2,43E+13;;;A VELO SANS AGE;8,14E+13;Subvention d'équipement;2000.0;aide en numéraire;unique;26/04/2022;;non;1;Transport;Mobilité douce;Association loi 1901
Toulouse Métropole;2,43E+13;;;AARPI LARROUY CASTERA CADIOU;8,39E+13;Subvention d'équipement;299.67;aide en numéraire;unique;09/12/2022;;non;1;Juridique;Cabinet d'avocats;Association d'avocats à responsabilité professionnelle individuelle (AARPI)
Toulouse Métropole;2,43E+13;;;AAYS INDUSTRIES;8,95E+13;Subvention d'équipement;400.0;aide en numéraire;unique;13/07/2022;;non;1;Conseil;Construction aéronautique;Société par actions simplifiée (SAS)
Toulouse Métropole;2,43E+13;;;ABRACADABRA ARCHITECTURES;8,28E+13;Subvention d'équipement;933.0;aide en numéraire;unique;13/12/2022;;non;1;Bâtiment et travaux publics (BTP);Architecture;Société à responsabilité limitée (SARL)
Toulouse Métropole;2,43E+13;;;ACADEMIE AIR ET ESPACE ASSOC;3,48E+13;Subvention de Fonctionnement;14500.0;aide en numéraire;échelonné;16/12/2022;;non;1;Culture;Aéronautique et espace;Association loi 1901
Toulouse Métropole;2,43E+13;;;ACCUEIL ET FAMILLE ASS;7,77E+13;Subvention de Fonctionnement;71400.0;aide en numéraire;échelonné;16/12/2022;;non;1;Services sociaux;Aide à la famille;Association loi 1901
Toulouse Métropole;2,43E+13;;;ACOUCITE ASSOC;4,10E+13;Subvention de Fonctionnement;18750.0;aide en numéraire;unique;13/12/2022;;non;1;Culture;Musique;Association loi 1901
Toulouse Métropole;2,43E+13;;;ADEPAPE ENTRAIDE PUPILLES DE L ETAT ASSOC;4,79E+13;Subvention de Fonctionnement;14500.0;aide en numéraire;unique;16/09/2022;;non;1;Services sociaux;Protection de l'enfance;Association loi 1901
Toulouse Métropole;2,43E+13;;;ADEPES;4,25E+13;Subvention de Fonctionnement;5000.0;aide en numéraire;échelonné;13/05/2022;;non;1;Action sociale;Economie solidaire;Association loi 1901
Toulouse Métropole;2,43E+13;;;ADIE DROIT A L INITIATIVE ECONOMIQUE ASSOC;3,52E+13;Subvention de Fonctionnement;20983.0;aide en numéraire;unique;16/12/2022;;non;1;Finance;Accompagnement à la création d'entreprise;Association loi 1901
Toulouse Métropole;2,43E+13;;;ADIL 31 ASSOC;3,26E+13;Subvention de Fonctionnement;272595.0;aide en numéraire;échelonné;12/12/2022;;non;1;Juridique;Conseil juridique (logement);Association loi 1901
Toulouse Métropole;2,43E+13;;;ADOMA SA;7,88E+13;Subvention d'équipement;636960.0;aide en numéraire;échelonné;14/12/2022;;non;1;Immobilier;Hébergement social;Société Anonyme (SA)
Toulouse Métropole;2,43E+13;;;AEROCHERCHE;8,02E+13;Subvention de Fonctionnement;3000.0;aide en numéraire;échelonné;06/12/2022;;non;1;Recherche;Aéronautique;Association loi 1901
Toulouse Métropole;2,43E+13;;;AEROPORT TOULOUSE BLAGNAC SA;4,93E+13;Subvention de Fonctionnement;2428.16;aide en numéraire;échelonné;10/10/2022;;non;1;Transport;Transport aérien;Société Anonyme (SA)
Toulouse Métropole;2,43E+13;;;AEROSPACE VALLEY;4,84E+13;Subvention de Fonctionnement;200000.0;aide en numéraire;échelonné;08/11/2022;;non;1;Aéronautique;Pôle de compétitivité;Association loi 1901
Toulouse Métropole;2,43E+13;;;AEROTHEQUE GRAND TOULOUSE;4,28E+13;Subvention de Fonctionnement;12000.0;aide en numéraire;échelonné;06/12/2022;;non;1;Culture;Musée aéronautique;Association loi 1901
Toulouse Métropole;2,43E+13;;;AG DEVELOPPEMENT;5,24E+13;Subvention d'équipement;300.0;aide en numéraire;unique;12/07/2022;;non;1;Conseil;Développement économique;Société à responsabilité limitée (SARL)
Toulouse Métropole;2,43E+13;;;AGENCE AIDE COOPERATION TECHNIQUE ET DEVELOPPEMENT;4,03E+13;Subvention de Fonctionnement;10000.0;aide en numéraire;unique;28/11/2022;;non;1;Action sociale;Développement;Association loi 1901
Toulouse Métropole;2,43E+13;;;AGENCE DEVELOPPEMENT COMMUNAL VILLE ST LOUIS;;Subvention d'équipement;62284.6;aide en numéraire;unique;15/12/2022;;non;1;Développement local;Développement économique;Établissement public
Toulouse Métropole;2,43E+13;;;AGENCE PARISIENNE DU CLIMAT;5,28E+13;Subvention de Fonctionnement;20375.0;aide en numéraire;échelonné;10/11/2022;;non;1;Environnement;Énergie;Établissement public
Toulouse Métropole;2,43E+13;;;AGRI SUD OUEST INNOVATION SA;4,99E+13;Subvention de Fonctionnement;30000.0;aide en numéraire;échelonné;28/11/2022;;non;1;Agriculture;Innovation agricole;Société Anonyme (SA)
Toulouse Métropole;2,43E+13;;;AIDONS NOUS ASSOC;4,25E+13;Subvention de Fonctionnement;4000.0;aide en numéraire;unique;19/09/2022;;non;1;Action sociale;Aide aux personnes en difficulté;Association loi 1901
Toulouse Métropole;2,43E+13;;;AIRBUS SAS;3,83E+13;Subvention de Fonctionnement;168317.64;aide en numéraire;échelonné;10/10/2022;;non;1;Aéronautique;Construction aéronautique;Société par actions simplifiée (SAS)
Toulouse Métropole;2,43E+13;;;ALISSAR;8,91E+13;Subvention d'équipement;23380.0;aide en numéraire;unique;01/08/2022;;non;1;Action sociale;Aide humanitaire;Association loi 1901
Toulouse Métropole;2,43E+13;;;AM AND MY;7,89E+13;Subvention d'équipement;933.0;aide en numéraire;unique;08/12/2022;;non;1;Restauration;Restauration rapide;Société à responsabilité limitée (SARL)
Toulouse Métropole;2,43E+13;;;AMARIS ANCMRTM ASSOC;4,93E+13;Subvention de Fonctionnement;5000.0;aide en numéraire;unique;28/02/2022;;non;1;Action sociale;Aide aux personnes âgées;Association loi 1901
Toulouse Métropole;2,43E+13;;;AMICALE CELLULE A  ASSO;8,29E+13;Subvention de Fonctionnement;2000.0;aide en numéraire;unique;07/07/2022;;non;1;Recherche;Développement;Association loi 1901
Toulouse Métropole;2,43E+13;;;AMICALE DU NID ASSOC;7,76E+13;Subvention de Fonctionnement;750.0;aide en numéraire;unique;19/12/2022;;non;1;Action sociale;Aide aux sans-abri;Association loi 1901
Toulouse Métropole;2,43E+13;;;ANAH AGENCE NATIONALE DE L HABITAT;1,80E+13;Subvention d'équipement;3844000.0;aide en numéraire;unique;10/08/2022;;non;1;Immobilier;Amélioration de l'habitat;Établissement public
Toulouse Métropole;2,43E+13;;;ANOKI;5,03E+13;Subvention d'équipement;29500.0;aide en numéraire;unique;04/08/2022;;non;1;Cinéma;Production audiovisuelle;Société à responsabilité limitée (SARL)
Toulouse Métropole;2,43E+13;;;APTETUDE INGENIERIE SARL;4,98E+13;Subvention d'équipement;617.4;aide en numéraire;unique;22/06/2022;;non;1;Bâtiment et travaux publics (BTP);Bureau d'études;Société à responsabilité limitée (SARL)
Toulouse Métropole;2,43E+13;;;APUMP ASSOC;4,20E+13;Subvention de Fonctionnement;8000.0;aide en numéraire;unique;02/11/2022;;non;1;Environnement;Urbanisme;Association loi 1901
Toulouse Métropole;2,43E+13;;;ARBRES ET PAYSAGES D AUTAN ASSOC;4,14E+13;Subvention de Fonctionnement;3600.0;aide en numéraire;unique;08/07/2022;;non;1;Environnement;Protection de la nature;Association loi 1901
Toulouse Métropole;2,43E+13;;;ART CITE ELEC;9,09E+13;Subvention d'équipement;1000.0;aide en numéraire;unique;12/07/2022;;non;1;Bâtiment et travaux publics (BTP);Electricité;Association loi 1901
Toulouse Métropole;2,43E+13;;;ARTILECT ASSOC;5,13E+13;Subvention de Fonctionnement;10000.0;aide en numéraire;unique;07/12/2022;;non;1;Culture;Lecture;Association loi 1901
Toulouse Métropole;2,43E+13;;;ARTIMON FILMS SAS;8,78E+13;Subvention d'équipement;12500.0;aide en numéraire;unique;19/07/2022;;non;1;Cinéma;Production audiovisuelle;Société par actions simplifiée (SAS)
Toulouse Métropole;2,43E+13;;;ARTPAUGEE;8,00E+13;Subvention d'équipement;300.0;aide en numéraire;unique;08/12/2022;;non;1;Culture;Arts plastiques;Association loi 1901
Toulouse Métropole;2,43E+13;;;ASEI SPORTS;4,99E+13;Subvention de Fonctionnement;2500.0;aide en numéraire;unique;14/12/2022;;non;1;Sport;Sport pour personnes handicapées;Association loi 1901
Toulouse Métropole;2,43E+13;;;ASOCIACION CIFAL MALAGA;;Subvention de Fonctionnement;50355.5;aide en numéraire;échelonné;12/09/2022;;non;1;Éducation;Formation et recherche;Association loi 1901
Toulouse Métropole;2,43E+13;;;ASS DEPARTEMENTALE DES FRANCAS;3,84E+13;Subvention de Fonctionnement;3500.0;aide en numéraire;unique;09/06/2022;;non;1;Éducation;Loisirs pour enfants;Association loi 1901
Toulouse Métropole;2,43E+13;;;ASS DES CITES DU SECOURS CATHOLIQUE CITE LA MADELEINE;3,53E+13;Subvention de Fonctionnement;12647.0;aide en numéraire;unique;15/12/2022;;non;1;Action sociale;Aide aux personnes en difficulté;Association loi 1901
Toulouse Métropole;2,43E+13;;;ASS FONDATION ETUDIANTE POUR LA VILLE TOULOUSE;3,90E+13;Subvention de Fonctionnement;20000.0;aide en numéraire;échelonné;17/11/2022;;non;1;Services sociaux;Logement étudiant;Association loi 1901
Toulouse Métropole;2,43E+13;;;ASS LES ENTREP EN OCCITANIE PYRENEES;8,88E+13;Subvention de Fonctionnement;7000.0;aide en numéraire;unique;03/08/2022;;non;1;Entreprise;Réseau d'entreprises;Association loi 1901
Toulouse Métropole;2,43E+13;;;ASS REGIONALE PREVENTION AUX EXCLUS;3,05E+13;Subvention de Fonctionnement;128200.0;aide en numéraire;échelonné;15/11/2022;;non;1;Santé;Prévention (excision);Association loi 1901
Toulouse Métropole;2,43E+13;;;ASSO JEUNES HANDICAPES;7,76E+13;Subvention de Fonctionnement;30000.0;aide en numéraire;unique;15/12/2022;;non;1;Services sociaux;Soutien aux personnes handicapées;Association loi 1901
Toulouse Métropole;2,43E+13;;;ASSO POUR DEVELOPPEMET DE L EMPLOI AGRICOLE ET RURAL EN HTE-GARONNE;8,30E+13;Subvention de Fonctionnement;1082.45;aide en numéraire;unique;08/08/2022;;non;1;Emploi;Insertion professionnelle;Association loi 1901
Toulouse Métropole;2,43E+13;;;ASSOCIATION ANIMATION BAS D IMMEUBLE;3,84E+13;Subvention d'équipement;50000.0;aide en numéraire;unique;14/12/2022;;non;1;Culture;Animation de quartier;Association loi 1901
Toulouse Métropole;2,43E+13;;;ASSOCIATION CONSEIL CITOYEN VIVIER CITOYENS;8,22E+13;Subvention de Fonctionnement;1554.0;aide en numéraire;unique;29/11/2022;;non;1;Société civile;Participation citoyenne;Association loi 1901
Toulouse Métropole;2,43E+13;;;ASSOCIATION DATA RING;8,33E+13;Subvention de Fonctionnement;6500.0;aide en numéraire;échelonné;14/12/2022;;non;1;Numérique;Données personnelles;Association loi 1901
Toulouse Métropole;2,43E+13;;;ASSOCIATION DES OCCUPANTS DE LA DALLE ABBAL;9,05E+13;Subvention de Fonctionnement;31250.0;aide en numéraire;unique;01/08/2022;;non;1;Développement local;Développement;Association loi 1901
Toulouse Métropole;2,43E+13;;;ASSOCIATION DU CONSEIL  CITOYEN COLUMERIN;8,24E+13;Subvention de Fonctionnement;2903.0;aide en numéraire;unique;17/11/2022;;non;1;Société civile;Participation citoyenne;Association loi 1901
Toulouse Métropole;2,43E+13;;;ASSOCIATION ESPOIR;3,15E+13;Subvention de Fonctionnement;25000.0;aide en numéraire;unique;15/12/2022;;non;1;Action sociale;Aide aux personnes en difficulté;Association loi 1901
Toulouse Métropole;2,43E+13;;;ASSOCIATION OLYMPE DE GOUGES;7,77E+13;Subvention de Fonctionnement;16820.0;aide en numéraire;échelonné;20/12/2022;;non;1;Action sociale;Droits des femmes;Association loi 1901
Toulouse Métropole;2,43E+13;;;ASSOCIATION POUR LE DEVELOPPEMENT ET LE BIEN ETRE DES CONGOLAIS;8,01E+13;Subvention d'équipement;5000.0;aide en numéraire;unique;01/08/2022;;non;1;Emploi;Insertion professionnelle;Association loi 1901
Toulouse Métropole;2,43E+13;;;ATMO OCCITANIE;3,09E+13;Subvention de Fonctionnement;13978.24;aide en numéraire;échelonné;08/12/2022;;non;1;Environnement;Qualité de l'air;Association loi 1901
Toulouse Métropole;2,43E+13;;;AUAT AGENCE  URBANISME AGGLOMERATION TOULOUSAINE ASSOC;7,77E+13;Subvention de Fonctionnement;2496000.0;aide en numéraire;échelonné;08/12/2022;;non;1;Bâtiment et travaux publics (BTP);Urbanisme;Association loi 1901
Toulouse Métropole;2,43E+13;;;AUAT AGENCE  URBANISME AGGLOMERATION TOULOUSAINE ASSOC;7,77E+13;Subvention d'équipement;506000.0;aide en numéraire;échelonné;23/11/2022;;non;1;Bâtiment et travaux publics (BTP);Urbanisme;Association loi 1901
Toulouse Métropole;2,43E+13;;;AUTIS MO ET PLUS POSER DES MOTS;8,52E+13;Subvention d'équipement;1990.0;aide en numéraire;unique;14/12/2022;;non;1;Santé;Autisme;Association loi 1901
Toulouse Métropole;2,43E+13;;;AVENIR NOUVELLE MAISON DES CHOMEURS;4,40E+13;Subvention de Fonctionnement;19000.0;aide en numéraire;unique;07/07/2022;;non;1;Emploi;Insertion professionnelle;Association loi 1901
Toulouse Métropole;2,43E+13;;;BAK;8,92E+13;Subvention d'équipement;1000.0;aide en numéraire;unique;12/10/2022;;non;1;Immobilier;Location de terrains et d’autres biens immobiliers;Société civile immobilière (SCI)
Toulouse Métropole;2,43E+13;;;BELLES GAMELLES;8,83E+13;Subvention de Fonctionnement;10000.0;aide en numéraire;unique;10/10/2022;;non;1;Restauration;Restauration traditionnelle;Entreprise d'insertion
Toulouse Métropole;2,43E+13;;;BGE SUD OUEST;3,16E+13;Subvention de Fonctionnement;10915.0;aide en numéraire;unique;03/08/2022;;non;1;Entreprise;Création d'entreprise;Association loi 1901
Toulouse Métropole;2,43E+13;;;BIO ARIEGE-GARONNE;3,82E+13;Subvention de Fonctionnement;27703.14;aide en numéraire;échelonné;07/12/2022;;non;1;Agriculture;Agriculture biologique;Association loi 1901
Toulouse Métropole;2,43E+13;;;BLIZ PRODUCTIONS;8,09E+13;Subvention de Fonctionnement;12000.0;aide en numéraire;unique;11/08/2022;;non;1;Cinéma;Production audiovisuelle;Association loi 1901
Toulouse Métropole;2,43E+13;;;BOOMMEDIA;8,13E+13;Subvention d'équipement;599.67;aide en numéraire;unique;19/05/2022;;non;1;Médias;Production audiovisuelle;Société à responsabilité limitée (SARL)
Toulouse Métropole;2,43E+13;;;BOUGER POUR S EN SORTIR;5,12E+13;Subvention de Fonctionnement;8000.0;aide en numéraire;unique;31/08/2022;;non;1;Sport;Insertion sociale;Association loi 1901
Toulouse Métropole;2,43E+13;;;BPIFRANCE FINANCEMENT SAI;3,20E+13;Subvention de Fonctionnement;20000.0;aide en numéraire;unique;16/11/2022;;non;1;Finance;Financement des entreprises;SA conseil d'administration
Toulouse Métropole;2,43E+13;;;CALMECO;;Subvention d'équipement;1000.0;aide en numéraire;unique;02/02/2022;;non;1;Restauration;Services des traiteurs;Société par actions simplifiée (SAS)
Toulouse Métropole;2,43E+13;;;CAMBON;8,19E+13;Subvention d'équipement;300.0;aide en numéraire;unique;28/10/2022;;non;1;Immobilier;Hébergement courte durée;Indivision entre personnes physiques
Toulouse Métropole;2,43E+13;;;CANALART;4,98E+13;Subvention de Fonctionnement;3000.0;aide en numéraire;unique;10/05/2022;;non;1;Culture;Arts;Association loi 1901
Toulouse Métropole;2,43E+13;;;CAP AVENIR CONCORDE;7,51E+13;Subvention de Fonctionnement;4450.0;aide en numéraire;échelonné;16/12/2022;;non;1;Éducation;Formation professionnelle;Établissement public
Toulouse Métropole;2,43E+13;;;CARMES CORP;9,15E+13;Subvention d'équipement;1000.0;aide en numéraire;unique;20/12/2022;;non;1;Conseil;Conseils de gestion;Société par actions simplifiée (SAS)
Toulouse Métropole;2,43E+13;;;CCIT CHAMBRE COMMERCE INDUSTRIE DE TOULOUSE;1,83E+13;Subvention de Fonctionnement;115690.0;aide en numéraire;échelonné;08/11/2022;;non;1;Entreprise;Chambre de commerce et d'industrie (CCI);Établissement public
Toulouse Métropole;2,43E+13;;;CDC HABITAT SOCIAL SA HLM;5,52E+13;Subvention d'équipement;1724130.0;aide en numéraire;échelonné;06/12/2022;;non;1;Immobilier;Logement social;Société Anonyme (SA)
Toulouse Métropole;2,43E+13;;;CEDRAT CONSEIL;8,88E+13;Subvention d'équipement;933.0;aide en numéraire;unique;20/12/2022;;non;1;Conseil;Conseil en management;Société par actions simplifiée (SAS)
Toulouse Métropole;2,43E+13;;;CENTRE D INNOVATION SUR L ALIMENTATION;8,11E+13;Subvention de Fonctionnement;2000.0;aide en numéraire;unique;07/07/2022;;non;1;Recherche;Agroalimentaire;Organisme de recherche
Toulouse Métropole;2,43E+13;;;CENTRE DE CRISE ET DE SOUTIEN;1,30E+13;Subvention de Fonctionnement;10000.0;aide en numéraire;unique;19/04/2022;;non;1;Santé;Aide aux victimes;Association loi 1901
Toulouse Métropole;2,43E+13;;;CENTRE DRAMATIQUE NATIONAL TOULOUSE OCCITANIE;3,06E+13;Subvention de Fonctionnement;2546540.0;aide en numéraire;échelonné;29/07/2022;;non;1;Culture;Théâtre;Établissement public
Toulouse Métropole;2,43E+13;;;CENTRE DRAMATIQUE NATIONAL TOULOUSE OCCITANIE;3,06E+13;Subvention d'équipement;57000.0;aide en numéraire;unique;09/12/2022;;non;1;Culture;Théâtre;Établissement public
Toulouse Métropole;2,43E+13;;;CENTRE HOSPITALIER HOTEL DIEU SAINT-JACQUES;2,63E+13;Subvention de Fonctionnement;10000.0;aide en numéraire;unique;19/04/2022;;non;1;Santé;Hôpital;Établissement d'hospitalisation
Toulouse Métropole;2,43E+13;;;CENTRE INFORMATION SUR DROITS FEMMES ET FAMILLES HAUTE GARONNE;3,13E+13;Subvention de Fonctionnement;56650.0;aide en numéraire;échelonné;13/12/2022;;non;1;Juridique;Information juridique pour les femmes;Association loi 1901
Toulouse Métropole;2,43E+13;;;CFJ INVEST MARBRERIE SUD OUEST;4,82E+13;Subvention d'équipement;3000.0;aide en numéraire;unique;24/10/2022;;non;1;Bâtiment et travaux publics (BTP);Marbrerie;Société à responsabilité limitée (SARL)
Toulouse Métropole;2,43E+13;;;CHAMBRE DEPT  AGRICULTURE HAUTE-GARONNE;1,83E+13;Subvention de Fonctionnement;11000.0;aide en numéraire;unique;16/12/2022;;non;1;Agriculture;Chambre d'agriculture;Établissement public
Toulouse Métropole;2,43E+13;;;CHAMPS LIBRES BIODIVERSITE;8,92E+13;Subvention de Fonctionnement;4616.0;aide en numéraire;échelonné;18/11/2022;;non;1;Environnement;Biodiversité;Association loi 1901
Toulouse Métropole;2,43E+13;;;CHEZ DUPONT;8,98E+13;Subvention de Fonctionnement;20000.0;aide en numéraire;unique;04/08/2022;;non;1;Restauration;Restauration traditionnelle;Association loi 1901
Toulouse Métropole;2,43E+13;;;CJD TOULOUSE ASSOC;4,91E+13;Subvention de Fonctionnement;13000.0;aide en numéraire;échelonné;16/12/2022;;non;1;Entreprise;Jeunes dirigeants d'entreprise;Association loi 1901
Toulouse Métropole;2,43E+13;;;CLASSISCO POUR LA MUSIQUE A L ECOLE;4,43E+13;Subvention de Fonctionnement;10000.0;aide en numéraire;unique;16/02/2022;;non;1;Culture;Musique classique;Association loi 1901
Toulouse Métropole;2,43E+13;;;CLAUX ET BISCARY SARL;4,79E+13;Subvention d'équipement;300.0;aide en numéraire;unique;18/10/2022;;non;1;Finance;Expertise comptable;Société à responsabilité limitée (SARL)
Toulouse Métropole;2,43E+13;;;CLEMENCE ISAURE;3,44E+13;Subvention de Fonctionnement;105700.0;aide en numéraire;unique;11/08/2022;;non;1;Éducation;Enseignement public;Établissement public
Toulouse Métropole;2,43E+13;;;CLUB DES CONSEILS SYNDICAUX DE LA HAUTE GARONNE;7,52E+13;Subvention de Fonctionnement;900.0;aide en numéraire;unique;09/08/2022;;non;1;Économie sociale et solidaire;Conseil juridique;Association loi 1901
Toulouse Métropole;2,43E+13;;;CLUB ENTRE SECURITE ROUTIERE TLSE GARONN;4,40E+13;Subvention de Fonctionnement;1000.0;aide en numéraire;unique;12/08/2022;;non;1;Sécurité;Prévention routière;Association loi 1901
Toulouse Métropole;2,43E+13;;;CNRS CTRE NAT DE LA RECHERCHE SCIENTIFIQUE;1,80E+13;Subvention d'équipement;894834.63;aide en numéraire;échelonné;18/10/2022;;non;1;Recherche;Recherche scientifique;Organisme de recherche
Toulouse Métropole;2,43E+13;;;CNRS OCCIYANIE OUEST;1,80E+13;Subvention d'équipement;21327.0;aide en numéraire;unique;11/10/2022;;non;1;Recherche;Recherche scientifique;Organisme de recherche
Toulouse Métropole;2,43E+13;;;CNRS OCCIYANIE OUEST;1,80E+13;Subvention de Fonctionnement;280490.0;aide en numéraire;unique;11/10/2022;;non;1;Recherche;Recherche scientifique;Organisme de recherche
Toulouse Métropole;2,43E+13;;;COLL CONTRE NUISANCES AERIENNES TOULOUSE ASSOC;4,39E+13;Subvention de Fonctionnement;900.0;aide en numéraire;unique;25/02/2022;;non;1;Environnement;Lutte contre les nuisances aériennes;Association loi 1901
Toulouse Métropole;2,43E+13;;;COMBUSTIBLE NUMERIQUE;8,32E+13;Subvention de Fonctionnement;18239.69;aide en numéraire;échelonné;31/08/2022;;non;1;Numérique;Agence web;Association loi 1901
Toulouse Métropole;2,43E+13;;;COMITE BASSIN  EMPLOI NORD HAUTE GARONNE;4,24E+13;Subvention de Fonctionnement;49095.0;aide en numéraire;échelonné;08/12/2022;;non;1;Emploi;Insertion professionnelle;Organisme paritaire
Toulouse Métropole;2,43E+13;;;COMITE JUMELAGE SAINT ALBAN;5,08E+13;Subvention de Fonctionnement;1900.0;aide en numéraire;unique;09/06/2022;;non;1;Administration publique;Jumelage de villes;Association loi 1901
Toulouse Métropole;2,43E+13;;;COMMUNE D AUCAMVILLE;2,13E+13;Subvention de Fonctionnement;5000.0;aide en numéraire;unique;14/11/2022;;non;1;Administration publique;Mairie;Collectivité territoriale
Toulouse Métropole;2,43E+13;;;COMMUNE DE CASTELGINEST;2,13E+13;Subvention d'équipement;61137.3;aide en numéraire;échelonné;29/11/2022;;non;1;Administration publique;Mairie;Collectivité territoriale
Toulouse Métropole;2,43E+13;;;COMMUNE DE COLOMIERS;2,13E+13;Subvention de Fonctionnement;16000.0;aide en numéraire;unique;21/02/2022;;non;1;Administration publique;Mairie;Collectivité territoriale
Toulouse Métropole;2,43E+13;;;COMMUNE DE CUGNAUX;2,13E+13;Subvention de Fonctionnement;1250.0;aide en numéraire;unique;16/12/2022;;non;1;Administration publique;Mairie;Collectivité territoriale
Toulouse Métropole;2,43E+13;;;COMMUNE DE FENOUILLET;2,13E+13;Subvention de Fonctionnement;1800.0;aide en numéraire;échelonné;07/12/2022;;non;1;Administration publique;Mairie;Collectivité territoriale
Toulouse Métropole;2,43E+13;;;COMMUNE DE FENOUILLET;2,13E+13;Subvention d'équipement;25922.5;aide en numéraire;unique;29/11/2022;;non;1;Administration publique;Mairie;Collectivité territoriale
Toulouse Métropole;2,43E+13;;;COMMUNE DE MALAGA;;Subvention de Fonctionnement;3500.23;aide en numéraire;unique;12/09/2022;;non;1;Administration publique;Mairie;Collectivité territoriale
Toulouse Métropole;2,43E+13;;;COMMUNE DE QUINT FONSEGRIVES;2,13E+13;Subvention d'équipement;60000.0;aide en numéraire;unique;25/11/2022;;non;1;Administration publique;Mairie;Collectivité territoriale
Toulouse Métropole;2,43E+13;;;COMMUNE DE ST JORY;2,13E+13;Subvention d'équipement;75000.0;aide en numéraire;unique;01/12/2022;;non;1;Administration publique;Mairie;Collectivité territoriale
Toulouse Métropole;2,43E+13;;;COMMUNE DE ST ORENS DE GAMEVILLE;2,13E+13;Subvention de Fonctionnement;5000.0;aide en numéraire;unique;10/11/2022;;non;1;Administration publique;Mairie;Collectivité territoriale
Toulouse Métropole;2,43E+13;;;COMMUNE DE TOULOUSE;2,13E+13;Subvention de Fonctionnement;121911.4;aide en numéraire;échelonné;16/12/2022;;non;1;Administration publique;Mairie;Collectivité territoriale
Toulouse Métropole;2,43E+13;;;COMPAGNIE CELUI QUI DIT QUI EST;8,45E+13;Subvention de Fonctionnement;4000.0;aide en numéraire;unique;20/10/2022;;non;1;Culture;Théâtre;Association loi 1901
Toulouse Métropole;2,43E+13;;;COMPAGNIE LES TOILES CIREES;7,92E+13;Subvention de Fonctionnement;4000.0;aide en numéraire;unique;01/08/2022;;non;1;Culture;Théâtre;Association loi 1901
Toulouse Métropole;2,43E+13;;;CONFEDERATION DES PETITES ET MOYENNES ENTREPRISES DE LA HAUTE GARONNE;;Subvention de Fonctionnement;9000.0;aide en numéraire;unique;09/12/2022;;non;1;Entreprise;Défense des PME;Association loi 1901
Toulouse Métropole;2,43E+13;;;CONTINENTAL AUTOMOTIVE FRANCE;3,15E+13;Subvention de Fonctionnement;167405.0;aide en numéraire;unique;13/10/2022;;non;1;Automobile;Équipement automobile;Société par actions simplifiée (SAS)
Toulouse Métropole;2,43E+13;;;CONTINENTAL DIGITAL SERVICES FRANCE;8,21E+13;Subvention d'équipement;750000.0;aide en numéraire;unique;11/07/2022;;non;1;Numérique;Services informatiques;Société par actions simplifiée (SAS)
Toulouse Métropole;2,43E+13;;;COOP ACTION SARL;4,42E+13;Subvention de Fonctionnement;10500.0;aide en numéraire;unique;13/07/2022;;non;1;Entreprise;Coopérative;Société Coopérative à Responsabilité Limitée (SARL)
Toulouse Métropole;2,43E+13;;;COORACE OCCITANIE;4,02E+13;Subvention de Fonctionnement;10000.0;aide en numéraire;unique;31/05/2022;;non;1;Économie sociale et solidaire;Coordination des entreprises de l'ESS;Association loi 1901
Toulouse Métropole;2,43E+13;;;CPIE TERRES TOULOUSAINES ASSOCIATION REFLETS;4,39E+13;Subvention de Fonctionnement;12000.0;aide en numéraire;unique;07/07/2022;;non;1;Environnement;Éducation à l'environnement;Association loi 1901
Toulouse Métropole;2,43E+13;;;CRESS CHAMBRE REG ECONOMIE SOCIALE ET SOLIDAIRE ASSOC;4,11E+13;Subvention de Fonctionnement;15000.0;aide en numéraire;unique;18/07/2022;;non;1;Action sociale;Économie sociale et solidaire;Association loi 1901
Toulouse Métropole;2,43E+13;;;CRIJ CENTRE REGIONAL INFORMATION JEUNESSE;3,27E+13;Subvention de Fonctionnement;1500.0;aide en numéraire;unique;09/06/2022;;non;1;Jeunesse;Information jeunesse;Association loi 1901
Toulouse Métropole;2,43E+13;;;CROIX ROUGE FRANCAISE;7,76E+13;Subvention de Fonctionnement;5000.0;aide en numéraire;unique;19/09/2022;;non;1;Action humanitaire;Aide humanitaire;Association loi 1901
Toulouse Métropole;2,43E+13;;;CROIX ROUGE FRANCAISE;7,76E+13;Subvention de Fonctionnement;50000.0;aide en numéraire;unique;16/12/2022;;non;1;Action humanitaire;Aide humanitaire;Association loi 1901
Toulouse Métropole;2,43E+13;;;CROUS CENTRE REGIONAL OEUVRES UNIVERSITAIRES SCOLAIRES;1,83E+13;Subvention d'équipement;270000.0;aide en numéraire;unique;13/12/2022;;non;1;Services aux étudiants;Logement étudiant;Établissement public
Toulouse Métropole;2,43E+13;;;CTE DEP RANDONNEE PEDESTRE HAUTE GARONNE;4,21E+13;Subvention de Fonctionnement;15000.0;aide en numéraire;unique;25/04/2022;;non;1;Tourisme;Randonnée pédestre;Association loi 1901
Toulouse Métropole;2,43E+13;;;CTRE D HEBERGEMENT ET DE READAPTATION;7,77E+13;Subvention de Fonctionnement;20000.0;aide en numéraire;unique;15/12/2022;;non;1;Santé;Réadaptation;Établissement d'hospitalisation
Toulouse Métropole;2,43E+13;;;CYCL EAU ASSO;8,52E+13;Subvention de Fonctionnement;15000.0;aide en numéraire;échelonné;23/06/2022;;non;1;Environnement;Protection de l'eau;Association loi 1901
Toulouse Métropole;2,43E+13;;;DEP PUPILLES ENSEIGNEMENT PUBLIC HTE GARONNE;7,77E+13;Subvention de Fonctionnement;36000.0;aide en numéraire;unique;30/11/2022;;non;1;Éducation;Enseignement public;Service de l'État
Toulouse Métropole;2,43E+13;;;DEPECHE EVENTS;5,19E+13;Subvention de Fonctionnement;50000.0;aide en numéraire;unique;30/05/2022;;non;1;Médias;Evénementiel;Société par actions simplifiée (SAS)
Toulouse Métropole;2,43E+13;;;DERBI;4,85E+13;Subvention de Fonctionnement;30000.0;aide en numéraire;échelonné;15/11/2022;;non;1;Énergie;énergies renouvelables;Association loi 1901
Toulouse Métropole;2,43E+13;;;DES CHALETS HLM SA;6,61E+13;Subvention d'équipement;1669534.0;aide en numéraire;échelonné;06/12/2022;;non;1;Immobilier;Logement social;Société Anonyme (SA)
Toulouse Métropole;2,43E+13;;;DES ETOILES ET DES AILES ASSOC;5,28E+13;Subvention de Fonctionnement;40000.0;aide en numéraire;échelonné;07/12/2022;;non;1;Culture;Spectacle vivant;Association loi 1901
Toulouse Métropole;2,43E+13;;;DESBALS SERVICES REGIE DE QUARTIER;3,93E+13;Subvention de Fonctionnement;8400.0;aide en numéraire;échelonné;01/08/2022;;non;1;Développement local;Régie de quartier;Association loi 1901
Toulouse Métropole;2,43E+13;;;DIR DEP FINANCES PUB ESSONNE;1,30E+13;Subvention d'équipement;28650.19;aide en numéraire;unique;01/12/2022;;non;1;Administration publique;Finances publiques;Service de l'État
Toulouse Métropole;2,43E+13;;;DOCTEUR VORONCA;8,90E+13;Subvention d'équipement;300.0;aide en numéraire;unique;30/05/2022;;non;1;Santé;Médecine générale;Société d'exercice libéral à responsabilité limitée (SELARL)
Toulouse Métropole;2,43E+13;;;E GRAINE OCCITANIE;5,11E+13;Subvention de Fonctionnement;2000.0;aide en numéraire;unique;07/07/2022;;non;1;Environnement;Éducation à l'environnement;Association loi 1901
Toulouse Métropole;2,43E+13;;;ECOLE ARCHITECTURE DE TOULOUSE;1,93E+13;Subvention de Fonctionnement;7000.0;aide en numéraire;unique;05/04/2022;;non;1;Éducation;École supérieure;Établissement public
Toulouse Métropole;2,43E+13;;;ECOLE DE MANDOLINE DE TOULOUSE;8,04E+13;Subvention d'équipement;1000.0;aide en numéraire;unique;17/01/2022;;non;1;Culture;Musique;Association loi 1901
Toulouse Métropole;2,43E+13;;;ECOLE DES DROITS HUMAINS ET DE LA TERRE;4,94E+13;Subvention de Fonctionnement;20000.0;aide en numéraire;unique;04/08/2022;;non;1;Éducation;Droits humains;Association loi 1901
Toulouse Métropole;2,43E+13;;;ECOLE DES PARENTS ET EDUCATEURS;3,21E+13;Subvention de Fonctionnement;46915.0;aide en numéraire;échelonné;04/08/2022;;non;1;Éducation;Soutien à la parentalité;Association loi 1901
Toulouse Métropole;2,43E+13;;;ECOLE REGIONALE 2EME CHANCE ASSOC;4,50E+13;Subvention de Fonctionnement;83000.0;aide en numéraire;unique;19/08/2022;;non;1;Éducation;Réinsertion sociale et professionnelle;Association loi 1901
Toulouse Métropole;2,43E+13;;;ECOLE SUPERIEURE DES ARTS DU CIRQUE TOULOUSE OCCITANE;8,42E+13;Subvention de Fonctionnement;678000.0;aide en numéraire;échelonné;25/04/2022;;non;1;Éducation;École supérieure;Établissement public
Toulouse Métropole;2,43E+13;;;ECOMODE;9,08E+13;Subvention de Fonctionnement;184103.48;aide en numéraire;unique;08/06/2022;;non;1;Commerce de détail;Mode éthique;Société à responsabilité limitée (SARL)
Toulouse Métropole;2,43E+13;;;EDB;8,01E+13;Subvention d'équipement;933.0;aide en numéraire;unique;19/09/2022;;non;1;Restauration;Restauration traditionnelle;Société par Actions Simplifiée (SAS)
Toulouse Métropole;2,43E+13;;;EDENN;9,09E+13;Subvention d'équipement;25000.0;aide en numéraire;unique;16/11/2022;;non;1;Agriculture;Innovation agricole;Association loi 1901
Toulouse Métropole;2,43E+13;;;EKLA PRODUCTION SARL;4,49E+13;Subvention d'équipement;10000.0;aide en numéraire;unique;19/05/2022;;non;1;Cinéma;Production audiovisuelle;Société à responsabilité limitée (SARL)
Toulouse Métropole;2,43E+13;;;ELECTRICIENS SANS FRONTIERES MIDI PYRENEES;3,95E+13;Subvention d'équipement;17000.0;aide en numéraire;unique;03/08/2022;;non;1;Solidarité internationale;Électrification;Association loi 1901
Toulouse Métropole;2,43E+13;;;ELEMEN TERRE ASSOC;5,03E+13;Subvention de Fonctionnement;6000.0;aide en numéraire;unique;07/07/2022;;non;1;Environnement;Agriculture urbaine;Association loi 1901
Toulouse Métropole;2,43E+13;;;ELY 31;8,39E+13;Subvention d'équipement;1000.0;aide en numéraire;unique;29/08/2022;;non;1;Transport;Transport en commun;Société à responsabilité limitée (SARL)
Toulouse Métropole;2,43E+13;;;EMMAUS TOULOUSE;3,99E+13;Subvention d'équipement;663520.0;aide en numéraire;échelonné;01/07/2022;;non;1;Action sociale;Aide aux personnes en difficulté;Association loi 1901
Toulouse Métropole;2,43E+13;;;EMMAUS TOULOUSE;3,99E+13;Subvention de Fonctionnement;5000.0;aide en numéraire;unique;19/09/2022;;non;1;Action sociale;Aide aux personnes en difficulté;Association loi 1901
Toulouse Métropole;2,43E+13;;;EN QUETE DE PATRIMOINE;8,83E+13;Subvention de Fonctionnement;6400.0;aide en numéraire;unique;01/08/2022;;non;1;Culture;Patrimoine;Association loi 1901
Toulouse Métropole;2,43E+13;;;ENAC ECOLE AVIATION CIVILE;1,93E+13;Subvention de Fonctionnement;54203.0;aide en numéraire;unique;13/10/2022;;non;1;Éducation;École supérieure;Établissement public
Toulouse Métropole;2,43E+13;;;ENAC ECOLE AVIATION CIVILE;1,93E+13;Subvention d'équipement;40000.0;aide en numéraire;unique;08/04/2022;;non;1;Éducation;École supérieure;Établissement public
Toulouse Métropole;2,43E+13;;;EQUIPE SAINT VINCENT;3,91E+13;Subvention de Fonctionnement;2500.0;aide en numéraire;unique;31/08/2022;;non;1;Action sociale;Aide aux personnes démunies;Association loi 1901
Toulouse Métropole;2,43E+13;;;ESN TOULOUSE ASSOC;8,00E+13;Subvention de Fonctionnement;12000.0;aide en numéraire;unique;18/11/2022;;non;1;Jeunesse;Réseau étudiant;Association loi 1901
Toulouse Métropole;2,43E+13;;;ETIC EMBALLAGES;8,49E+13;Subvention de Fonctionnement;3500.0;aide en numéraire;échelonné;21/07/2022;;non;1;Environnement;Emballages écologiques;Association loi 1901
Toulouse Métropole;2,43E+13;;;EUROBIOMED;4,89E+13;Subvention de Fonctionnement;100000.0;aide en numéraire;échelonné;16/12/2022;;non;1;Santé;Biotechnologie;Organisme de recherche
Toulouse Métropole;2,43E+13;;;EUROPEENNE DU FILM D ANIMATION CARTOON;5,09E+13;Subvention de Fonctionnement;48000.0;aide en numéraire;échelonné;12/08/2022;;non;1;Cinéma;Production audiovisuelle;Société étrangère non immatriculée au RCS
Toulouse Métropole;2,43E+13;;;EUROPOLIA;5,29E+13;Subvention de Fonctionnement;246000.0;aide en numéraire;unique;16/12/2022;;non;1;Bâtiment et travaux publics (BTP);Développement urbain;Société Anonyme (SA)
Toulouse Métropole;2,43E+13;;;EUROPOLIA;5,29E+13;Subvention d'équipement;15000000.0;aide en numéraire;unique;21/10/2022;;non;1;Bâtiment et travaux publics (BTP);Développement urbain;Société Anonyme (SA)
Toulouse Métropole;2,43E+13;;;FA SOL MI LA FABRIQUE SOLIDAIRE DES MINIMES MAISON DES CHOMEURS;5,38E+13;Subvention de Fonctionnement;14965.15;aide en numéraire;échelonné;10/11/2022;;non;1;Culture;Musique et insertion;Association loi 1901
Toulouse Métropole;2,43E+13;;;FACE GRAND TOULOUSE  ASSOC;4,35E+13;Subvention de Fonctionnement;21600.0;aide en numéraire;échelonné;16/12/2022;;non;1;Emploi;Insertion professionnelle;Association loi 1901
Toulouse Métropole;2,43E+13;;;FACHHOCHSCHULE SALZBURG GMBH;;Subvention de Fonctionnement;15454.22;aide en numéraire;unique;12/09/2022;;non;1;Éducation;École supérieure;Établissement public
Toulouse Métropole;2,43E+13;;;FAIRECO;8,89E+13;Subvention de Fonctionnement;6500.0;aide en numéraire;unique;16/12/2022;;non;1;Environnement;Commerce équitable;Association loi 1901
Toulouse Métropole;2,43E+13;;;FAMILLES DE TRAUMATISES CRANIENS ET CEREBROLES MIDI-PYRENEES;4,34E+13;Subvention de Fonctionnement;500.0;aide en numéraire;unique;23/09/2022;;non;1;Santé;Soutien aux familles;Association loi 1901
Toulouse Métropole;2,43E+13;;;FED  CHASSEURS HAUTE GARONNE;7,77E+13;Subvention de Fonctionnement;2000.0;aide en numéraire;unique;01/12/2022;;non;1;Environnement;Chasse;Association loi 1901
Toulouse Métropole;2,43E+13;;;FEDERATION ASSO COMMERCANTS ARTISANTS PROFESSIONNELS DE TOULOUSE;8,40E+13;Subvention de Fonctionnement;120000.0;aide en numéraire;unique;24/11/2022;;non;1;Développement local;Associations de commerçants;Association loi 1901
Toulouse Métropole;2,43E+13;;;FEDERATION AUTONOME DE LA FONCTION PUBLIQUE TERRITORIALE;4,38E+13;Subvention de Fonctionnement;644.2;aide en numéraire;unique;19/12/2022;;non;1;Économie sociale et solidaire;Fonction publique;Syndicat
Toulouse Métropole;2,43E+13;;;FEDERATION DEPARTEMANTALE DES CIVAM;;Subvention de Fonctionnement;939.1;aide en numéraire;unique;26/08/2022;;non;1;Éducation;Agriculture;Fédération
Toulouse Métropole;2,43E+13;;;FEDERATION DES ACTEURS DE LA SOLIDARITE OCCITANIE;4,11E+13;Subvention de Fonctionnement;10000.0;aide en numéraire;unique;31/05/2022;;non;1;Action sociale;Solidarité;Association loi 1901
Toulouse Métropole;2,43E+13;;;FEDERATION DES ENTREPRISES D INSERTION LANGUEDOC;3,90E+13;Subvention de Fonctionnement;10000.0;aide en numéraire;unique;10/10/2022;;non;1;Entreprise;Insertion professionnelle;Association loi 1901
Toulouse Métropole;2,43E+13;;;FEDERATION DES FEMMES POUR L EUROPE;3,91E+13;Subvention de Fonctionnement;19200.0;aide en numéraire;échelonné;10/05/2022;;non;1;Action sociale;Droits des femmes;Association loi 1901
Toulouse Métropole;2,43E+13;;;FEDERATION FRANCAISE MOTARDS EN COLERE 31 ASSOC;4,91E+13;Subvention de Fonctionnement;1620.0;aide en numéraire;unique;12/08/2022;;non;1;Sport;Moto;Fédération
Toulouse Métropole;2,43E+13;;;FESTIVAL INTERNATIONAL DU FILM SUR LE HANDICAP;8,13E+13;Subvention de Fonctionnement;7000.0;aide en numéraire;unique;14/12/2022;;non;1;Culture;Cinéma;Festival de cinéma
Toulouse Métropole;2,43E+13;;;FESTIVAL LIVRE JEUNESSE OCCITANIE;4,44E+13;Subvention de Fonctionnement;46100.0;aide en numéraire;échelonné;06/12/2022;;non;1;Culture;Littérature jeunesse;Association loi 1901
Toulouse Métropole;2,43E+13;;;FFPT CFTC 31;9,14E+13;Subvention de Fonctionnement;26.8;aide en numéraire;unique;19/12/2022;;non;1;Économie sociale et solidaire;Syndicat;Syndicat
Toulouse Métropole;2,43E+13;;;FILM RECHERCHE DEVELOPPEMENT DURABLE;7,52E+13;Subvention de Fonctionnement;6500.0;aide en numéraire;unique;11/07/2022;;non;1;Cinéma;Production audiovisuelle;Association loi 1901
Toulouse Métropole;2,43E+13;;;FILMS FIGURES LIBRES SARL;5,13E+13;Subvention d'équipement;25000.0;aide en numéraire;échelonné;07/06/2022;;non;1;Cinéma;Production audiovisuelle;Société à responsabilité limitée (SARL)
Toulouse Métropole;2,43E+13;;;FNATH HTE GARONNE GRPT DEP ATH HTE GARONNE;7,77E+13;Subvention de Fonctionnement;1769.0;aide en numéraire;unique;14/12/2022;;non;1;Économie sociale et solidaire;Défense des travailleurs;Syndicat
Toulouse Métropole;2,43E+13;;;FNATH HTE GARONNE GRPT DEP ATH HTE GARONNE;7,77E+13;Subvention d'équipement;1975.0;aide en numéraire;unique;14/12/2022;;non;1;Économie sociale et solidaire;Défense des travailleurs;Syndicat
Toulouse Métropole;2,43E+13;;;FONDS ARMENIEN DE FRANCE;4,01E+13;Subvention d'équipement;15000.0;aide en numéraire;unique;01/03/2022;;non;1;Économie sociale et solidaire;Aide humanitaire;Association loi 1901
Toulouse Métropole;2,43E+13;;;FORUM REFUGIES COSI;3,27E+13;Subvention de Fonctionnement;30000.0;aide en numéraire;unique;08/11/2022;;non;1;Action sociale;Aide aux réfugiés;Association loi 1901
Toulouse Métropole;2,43E+13;;;FRANCE VICTIMES 31;3,91E+13;Subvention de Fonctionnement;85700.0;aide en numéraire;échelonné;20/12/2022;;non;1;Juridique;Aide aux victimes;Association loi 1901
Toulouse Métropole;2,43E+13;;;FRANCE2023;1,30E+13;Subvention de Fonctionnement;500000.0;aide en numéraire;unique;15/12/2022;;non;1;Sport;Rugby;Comité d'organisation
Toulouse Métropole;2,43E+13;;;FRED NAULIN;4,94E+13;Subvention d'équipement;1000.0;aide en numéraire;unique;12/07/2022;;non;1;Artisanat;Architecture;Société à responsabilité limitée (SARL)
Toulouse Métropole;2,43E+13;;;FRENCH TECH TOULOUSE;8,53E+13;Subvention de Fonctionnement;50000.0;aide en numéraire;échelonné;30/11/2022;;non;1;Entrepreneuriat;Innovation numérique;Association loi 1901
Toulouse Métropole;2,43E+13;;;GARAGE DE L AVENUE;4,83E+13;Subvention d'équipement;2700.0;aide en numéraire;unique;15/06/2022;;non;1;Automobile;Réparation automobile;Société à responsabilité limitée (SARL)
Toulouse Métropole;2,43E+13;;;GEIQ VERT TOULOUSAIN;4,14E+13;Subvention d'équipement;2000.0;aide en numéraire;unique;27/10/2022;;non;1;Emploi;Insertion professionnelle;Groupement d'employeurs pour l'insertion et la qualification (GEIQ)
Toulouse Métropole;2,43E+13;;;GEKO FILMS SAS;5,24E+13;Subvention d'équipement;17500.0;aide en numéraire;unique;26/04/2022;;non;1;Cinéma;Production audiovisuelle;Société par Actions Simplifiée (SAS)
Toulouse Métropole;2,43E+13;;;GRAND CLUSTER NUMERIQUE D OCCITANIE;8,34E+13;Subvention de Fonctionnement;70000.0;aide en numéraire;échelonné;07/12/2022;;non;1;Numérique;Innovation numérique;Association loi 1901
Toulouse Métropole;2,43E+13;;;GRDF SA;4,45E+13;Subvention de Fonctionnement;4375.0;aide en numéraire;unique;15/11/2022;;non;1;Énergie;Distribution de gaz;Société Anonyme (SA)
Toulouse Métropole;2,43E+13;;;GRDF SUD OUEST SA;4,45E+13;Subvention de Fonctionnement;4375.0;aide en numéraire;unique;13/05/2022;;non;1;Énergie;Distribution de gaz;Société Anonyme (SA)
Toulouse Métropole;2,43E+13;;;GRISELIDIS ASSOC;4,32E+13;Subvention de Fonctionnement;4000.0;aide en numéraire;unique;10/05/2022;;non;1;Culture;Littérature;Association loi 1901
Toulouse Métropole;2,43E+13;;;GROUPEMENT NAUTIQUE TOULOUSAIN;8,12E+13;Subvention de Fonctionnement;10000.0;aide en numéraire;unique;16/12/2022;;non;1;Sport;Voile;Association loi 1901
Toulouse Métropole;2,43E+13;;;GSSV DESIGN;8,24E+13;Subvention d'équipement;400.0;aide en numéraire;unique;15/06/2022;;non;1;Artisanat;Design graphique;Société à responsabilité limitée (SARL)
Toulouse Métropole;2,43E+13;;;HAMAP;4,45E+13;Subvention d'équipement;14000.0;aide en numéraire;unique;03/08/2022;;non;1;Solidarité internationale;Aide humanitaire;Association loi 1901
Toulouse Métropole;2,43E+13;;;HEXECO;9,04E+13;Subvention de Fonctionnement;2000.0;aide en numéraire;unique;02/08/2022;;non;1;Environnement;Clubs de sports;Association loi 1901
Toulouse Métropole;2,43E+13;;;HUMUS ET ASSOCIES H ET A;7,51E+13;Subvention de Fonctionnement;8500.0;aide en numéraire;échelonné;08/12/2022;;non;1;Environnement;Conseil en environnement;Organisme de recherche
Toulouse Métropole;2,43E+13;;;ICF ATLANTIQUE HLM SA;7,76E+13;Subvention d'équipement;188700.0;aide en numéraire;échelonné;12/09/2022;;non;1;Immobilier;Logement social;Société Anonyme (SA)
Toulouse Métropole;2,43E+13;;;INCORPOREL ASSOC;5,08E+13;Subvention de Fonctionnement;1750.0;aide en numéraire;unique;14/12/2022;;non;1;Culture;Danse;Association loi 1901
Toulouse Métropole;2,43E+13;;;INITIATIVES POUR UNE ECONOMIE SOLIDAIRE - IES;4,18E+13;Subvention de Fonctionnement;13000.0;aide en numéraire;unique;13/07/2022;;non;1;Économie sociale et solidaire;Développement économique;Association loi 1901
Toulouse Métropole;2,43E+13;;;INRA INSTITUT NATIONAL RECHERCHE AGRONOMIQUE;1,80E+13;Subvention de Fonctionnement;5000.0;aide en numéraire;unique;13/07/2022;;non;1;Recherche;Recherche agronomique;Établissement public
Toulouse Métropole;2,43E+13;;;INSA TOULOUSE;1,93E+13;Subvention de Fonctionnement;9293.75;aide en numéraire;unique;12/05/2022;;non;1;Éducation;École supérieure;Établissement public
Toulouse Métropole;2,43E+13;;;INSTITUT EUROP NORMES TELECOMMUNICATION;3,49E+13;Subvention de Fonctionnement;175000.0;aide en numéraire;échelonné;15/12/2022;;non;1;Télécommunications;Normalisation;Association loi 1901
Toulouse Métropole;2,43E+13;;;INSTITUT NATIONAL POLYTECHNIQUE DE TOULOUSE;1,93E+13;Subvention d'équipement;119060.36;aide en numéraire;échelonné;11/07/2022;;non;1;Éducation;Enseignement supérieur;Établissement public
Toulouse Métropole;2,43E+13;;;INTER RELAIS  ASSOC;3,45E+13;Subvention de Fonctionnement;10000.0;aide en numéraire;unique;17/11/2022;;non;1;Action sociale;Insertion sociale;Association loi 1901
Toulouse Métropole;2,43E+13;;;IRT ANTOINE DE SAINT EXUPERY;7,93E+13;Subvention de Fonctionnement;20100.0;aide en numéraire;unique;14/12/2022;;non;1;Recherche;Aéronautique;Organisme de recherche
Toulouse Métropole;2,43E+13;;;ISDAT INSTITUT SUP DES ARTS DE TOULOUSE;2,00E+13;Subvention de Fonctionnement;160000.0;aide en numéraire;échelonné;09/12/2022;;non;1;Éducation;Enseignement artistique;Établissement public
Toulouse Métropole;2,43E+13;;;ISYSTEC CONSULTING;5,30E+13;Subvention d'équipement;300.0;aide en numéraire;unique;13/12/2022;;non;1;Entreprise;Conseil en informatique;Société à responsabilité limitée (SARL)
Toulouse Métropole;2,43E+13;;;JARDIN NATURE PIBRAC;7,98E+13;Subvention de Fonctionnement;1000.0;aide en numéraire;unique;08/07/2022;;non;1;Environnement;Jardin botanique;Collectivité territoriale
Toulouse Métropole;2,43E+13;;;JARDINIERS DE TOURNEFEUILLE ASSOC;4,53E+13;Subvention de Fonctionnement;2000.0;aide en numéraire;unique;07/07/2022;;non;1;Environnement;Jardins partagés;Association loi 1901
Toulouse Métropole;2,43E+13;;;JEUNES EUROPEENS TOULOUSE ASSOC;7,51E+13;Subvention de Fonctionnement;1000.0;aide en numéraire;unique;09/06/2022;;non;1;Jeunesse;Echanges européens;Association loi 1901
Toulouse Métropole;2,43E+13;;;JOBIN REAL LIFE ASSOC;7,54E+13;Subvention de Fonctionnement;20000.0;aide en numéraire;échelonné;07/07/2022;;non;1;Économie sociale et solidaire;Accompagnement vers l'emploi;Association loi 1901
Toulouse Métropole;2,43E+13;;;JOE J OUVRE L OEIL ASSOC;4,42E+13;Subvention de Fonctionnement;5000.0;aide en numéraire;unique;16/12/2022;;non;1;Culture;Arts;Association loi 1901
Toulouse Métropole;2,43E+13;;;KANARI FILMS SARL;3,92E+13;Subvention d'équipement;7500.0;aide en numéraire;unique;16/02/2022;;non;1;Cinéma;Production audiovisuelle;Société à responsabilité limitée (SARL)
Toulouse Métropole;2,43E+13;;;KENTRO MELETON ASFALEIAS;;Subvention de Fonctionnement;21447.94;aide en numéraire;unique;12/09/2022;;non;1;Culture;Danse et musique grecque;Association loi 1901
Toulouse Métropole;2,43E+13;;;KIRIKOU EVENEMENT;4,49E+13;Subvention d'équipement;20000.0;aide en numéraire;unique;03/08/2022;;non;1;Culture;Organisation d'événements;Association loi 1901
Toulouse Métropole;2,43E+13;;;L ADAPT ASSOC;7,76E+13;Subvention de Fonctionnement;4000.0;aide en numéraire;unique;14/12/2022;;non;1;Services sociaux;Accompagnement des personnes handicapées;Association loi 1901
Toulouse Métropole;2,43E+13;;;L ENFANT BLEU ENFANCE MALTRAITEE;4,42E+13;Subvention de Fonctionnement;7000.0;aide en numéraire;échelonné;30/11/2022;;non;1;Action sociale;Aide aux enfants maltraités;Association loi 1901
Toulouse Métropole;2,43E+13;;;L OEIL VIF PRODUCTIONS;9,12E+13;Subvention d'équipement;15000.0;aide en numéraire;unique;04/08/2022;;non;1;Cinéma;Production audiovisuelle;Société par actions simplifiée (SAS)
Toulouse Métropole;2,43E+13;;;L USINE;4,00E+13;Subvention de Fonctionnement;220000.0;aide en numéraire;échelonné;29/07/2022;;non;1;Culture;Tiers-lieu culturel;Association loi 1901
Toulouse Métropole;2,43E+13;;;LA  MELEE NUMERIQUE;4,44E+13;Subvention de Fonctionnement;126000.0;aide en numéraire;échelonné;30/11/2022;;non;1;Numérique;Coworking et événements tech;Association loi 1901
Toulouse Métropole;2,43E+13;;;LA BOUCHERIE DU PRINCE;8,88E+13;Subvention d'équipement;1000.0;aide en numéraire;unique;30/05/2022;;non;1;Commerce de détail;Boucherie;Société à responsabilité limitée (SARL)
Toulouse Métropole;2,43E+13;;;LA CITE DES JARDINS HLM SA;6,01E+13;Subvention d'équipement;238800.0;aide en numéraire;échelonné;06/12/2022;;non;1;Immobilier;Logement social;Société Anonyme (SA)
Toulouse Métropole;2,43E+13;;;LA GRAINERIE ASSOC;4,45E+13;Subvention de Fonctionnement;220000.0;aide en numéraire;échelonné;29/07/2022;;non;1;Culture;Art contemporain;Association loi 1901
Toulouse Métropole;2,43E+13;;;LA MACHINE TOULOUSE;8,38E+13;Subvention d'équipement;34000.0;aide en numéraire;unique;14/12/2022;;non;1;Culture;Spectacles de rue;Association loi 1901
Toulouse Métropole;2,43E+13;;;LA MACHINE TOULOUSE;8,38E+13;Subvention de Fonctionnement;723988.45;aide en numéraire;unique;31/03/2022;;non;1;Culture;Spectacles de rue;Association loi 1901
Toulouse Métropole;2,43E+13;;;LA MAISON DE L INITIATIVE SCOP;3,98E+13;Subvention de Fonctionnement;10500.0;aide en numéraire;unique;13/07/2022;;non;1;Entreprise;Accompagnement des entreprises;Société coopérative (SCOP)
Toulouse Métropole;2,43E+13;;;LA MAISON DU SPORT AU FEMININ;9,20E+13;Subvention de Fonctionnement;2450.0;aide en numéraire;unique;19/12/2022;;non;1;Sport;Sport féminin;Association loi 1901
Toulouse Métropole;2,43E+13;;;LA MAISON DU VELO ASSOC;4,87E+13;Subvention de Fonctionnement;230000.0;aide en numéraire;échelonné;10/10/2022;;non;1;Transport;Mobilité douce;Association loi 1901
Toulouse Métropole;2,43E+13;;;LA MAISON DU VELO ASSOC;4,87E+13;Subvention d'équipement;30000.0;aide en numéraire;unique;29/04/2022;;non;1;Transport;Mobilité douce;Association loi 1901
Toulouse Métropole;2,43E+13;;;LA MILPA SAS;8,51E+13;Subvention de Fonctionnement;12797.0;aide en numéraire;échelonné;10/11/2022;;non;1;Action sociale;Jardin botanique;Société par Actions Simplifiée (SAS)
Toulouse Métropole;2,43E+13;;;LA REBOOTERIE;8,83E+13;Subvention de Fonctionnement;1500.0;aide en numéraire;unique;21/07/2022;;non;1;Numérique;Réparation d'ordinateurs;Association loi 1901
Toulouse Métropole;2,43E+13;;;LA TETE AU CARREAU ET CO;8,90E+13;Subvention d'équipement;1000.0;aide en numéraire;unique;12/10/2022;;non;1;Bâtiment et travaux publics (BTP);Nettoyage des bâtiments et nettoyage industriel;Société par Actions Simplifiée (SAS)
Toulouse Métropole;2,43E+13;;;LA TRAVERSEE ASSOC;5,24E+13;Subvention de Fonctionnement;1500.0;aide en numéraire;unique;13/12/2022;;non;1;Culture;Spectacle vivant;Association loi 1901
Toulouse Métropole;2,43E+13;;;LA VERRERIE D ALES;4,52E+13;Subvention de Fonctionnement;15000.0;aide en numéraire;unique;29/07/2022;;non;1;Artisanat;Verrerie;Entreprise artisanale
Toulouse Métropole;2,43E+13;;;LACOMBE AVOCATS;8,52E+13;Subvention d'équipement;2000.0;aide en numéraire;unique;10/08/2022;;non;1;Juridique;Cabinet d'avocats;Société d'exercice libéral par actions simplifiée (SELAS)
Toulouse Métropole;2,43E+13;;;LE BOTTIER TOULOUSAIN;8,31E+13;Subvention d'équipement;1000.0;aide en numéraire;unique;26/10/2022;;non;1;Artisanat;Bottier;Entreprise artisanale
Toulouse Métropole;2,43E+13;;;LE CENTIEME SINGE;8,42E+13;Subvention de Fonctionnement;5984.69;aide en numéraire;unique;08/07/2022;;non;1;Agriculture;Culture de légumes, de melons, de racines et de tubercules;Association loi 1901
Toulouse Métropole;2,43E+13;;;LES AILES ANCIENNES TOULOUSE;5,00E+13;Subvention de Fonctionnement;34800.0;aide en numéraire;échelonné;07/12/2022;;non;1;Culture;Aviation;Association loi 1901
Toulouse Métropole;2,43E+13;;;LES CHEMINS BUISSONNIERS ASSOC;4,30E+13;Subvention de Fonctionnement;6000.0;aide en numéraire;unique;23/09/2022;;non;1;Tourisme;Randonnée;Association loi 1901
Toulouse Métropole;2,43E+13;;;LES CYCLES RE;8,11E+13;Subvention de Fonctionnement;26500.0;aide en numéraire;échelonné;07/07/2022;;non;1;Environnement;Recyclage de vélos;Association loi 1901
Toulouse Métropole;2,43E+13;;;LES FILMS D ICI MEDITERRANEE SAS;8,03E+13;Subvention d'équipement;15000.0;aide en numéraire;échelonné;25/11/2022;;non;1;Cinéma;Production audiovisuelle;Société par Actions Simplifiée (SAS)
Toulouse Métropole;2,43E+13;;;LES IMAGINATIONS FERTILES SCIC;5,34E+13;Subvention de Fonctionnement;46000.0;aide en numéraire;échelonné;16/12/2022;;non;1;Culture;Créativité et innovation;Société coopérative d'intérêt collectif (SCIC)
Toulouse Métropole;2,43E+13;;;LES PETITS DEBROUILLARDS OCCITANIE;4,12E+13;Subvention de Fonctionnement;16500.0;aide en numéraire;échelonné;07/07/2022;;non;1;Éducation;Éducation scientifique;Association loi 1901
Toulouse Métropole;2,43E+13;;;LES PREMIERES OCCITANIE;8,28E+13;Subvention de Fonctionnement;5000.0;aide en numéraire;unique;23/03/2022;;non;1;Entrepreneuriat;Accompagnement des femmes entrepreneures;Association loi 1901
Toulouse Métropole;2,43E+13;;;LES RESTOS BEBE ASSOC;4,98E+13;Subvention de Fonctionnement;10500.0;aide en numéraire;échelonné;19/09/2022;;non;1;Action sociale;Aide aux bébés;Association loi 1901
Toulouse Métropole;2,43E+13;;;LES VIDEOPHAGES;4,49E+13;Subvention de Fonctionnement;12000.0;aide en numéraire;unique;01/08/2022;;non;1;Culture;Cinéma;Association loi 1901
Toulouse Métropole;2,43E+13;;;LIENS PARENTS ENFANTS DE LA HAUTE GARONNE;3,84E+13;Subvention de Fonctionnement;33000.0;aide en numéraire;échelonné;11/08/2022;;non;1;Action sociale;Soutien à la parentalité;Association loi 1901
Toulouse Métropole;2,43E+13;;;LIRE ET FAIRE LIRE 31;4,52E+13;Subvention de Fonctionnement;5000.0;aide en numéraire;unique;10/05/2022;;non;1;Culture;Lecture;Association loi 1901
Toulouse Métropole;2,43E+13;;;LYCEE DEODAT DE SEVERAC GRETA TOULOUSE;1,93E+13;Subvention de Fonctionnement;20000.0;aide en numéraire;unique;07/07/2022;;non;1;Éducation;Enseignement secondaire;Établissement public
Toulouse Métropole;2,43E+13;;;MA SPHERE ASSOC;7,91E+13;Subvention de Fonctionnement;10000.0;aide en numéraire;échelonné;16/12/2022;;non;1;Entreprise;Conseil et formation;Association loi 1901
Toulouse Métropole;2,43E+13;;;MAIN TENDUE 31;4,79E+13;Subvention de Fonctionnement;3500.0;aide en numéraire;unique;13/12/2022;;non;1;Action sociale;Aide aux personnes en difficulté;Association loi 1901
Toulouse Métropole;2,43E+13;;;MAISON  EUROPE ASSOC;3,41E+13;Subvention de Fonctionnement;3000.0;aide en numéraire;unique;09/06/2022;;non;1;Politique;Affaires européennes;Association loi 1901
Toulouse Métropole;2,43E+13;;;MAISON DE L ARCHITECTURE OCCITANIE PYRENEES;4,44E+13;Subvention de Fonctionnement;22500.0;aide en numéraire;unique;05/04/2022;;non;1;Culture;Architecture;Association loi 1901
Toulouse Métropole;2,43E+13;;;MAISON DES DROITS DES ENFANTS ET DES JEUNES;3,99E+13;Subvention de Fonctionnement;36750.0;aide en numéraire;échelonné;16/12/2022;;non;1;Juridique;Défense des droits des enfants;Association loi 1901
Toulouse Métropole;2,43E+13;;;MAISON DES FAMILLES DE TOULOUSE;8,38E+13;Subvention de Fonctionnement;10000.0;aide en numéraire;unique;04/08/2022;;non;1;Services sociaux;Soutien familial;Association loi 1901
Toulouse Métropole;2,43E+13;;;MAMAS;9,01E+13;Subvention d'équipement;933.0;aide en numéraire;unique;08/12/2022;;non;1;Immobilier;Location de terrain;Société à responsabilité limitée (SARL)
Toulouse Métropole;2,43E+13;;;MAYIKA;8,44E+13;Subvention d'équipement;1350.0;aide en numéraire;unique;22/09/2022;;non;1;Mode;Coiffure;Société à responsabilité limitée (SARL)
Toulouse Métropole;2,43E+13;;;MESOLIA HABITAT SA;4,69E+13;Subvention d'équipement;1449188.0;aide en numéraire;échelonné;06/12/2022;;non;1;Immobilier;Logement social;Société Anonyme (SA)
Toulouse Métropole;2,43E+13;;;MIDI PYRENEES ACTIVE ASSOC;4,80E+13;Subvention de Fonctionnement;247000.0;aide en numéraire;échelonné;07/12/2022;;non;1;Conseil;Développement économique;Association loi 1901
Toulouse Métropole;2,43E+13;;;MIEUX ENSEMBLE ASSOC;8,08E+13;Subvention de Fonctionnement;5000.0;aide en numéraire;unique;19/09/2022;;non;1;Action sociale;Amélioration de l'habitat;Association loi 1901
Toulouse Métropole;2,43E+13;;;MIGRATEURS GARONNE DORDOGNE ASSOC MIGADO;3,92E+13;Subvention de Fonctionnement;2000.0;aide en numéraire;unique;08/07/2022;;non;1;Environnement;Protection des poissons migrateurs;Association loi 1901
Toulouse Métropole;2,43E+13;;;MISSION LOCALE ASSOCIATION SIEGE ASSOC;3,29E+13;Subvention de Fonctionnement;27840.0;aide en numéraire;échelonné;03/11/2022;;non;1;Emploi;Insertion professionnelle;Association loi 1901
Toulouse Métropole;2,43E+13;;;MISSION LOCALE HAUTE GARONNE;3,26E+13;Subvention de Fonctionnement;50000.0;aide en numéraire;unique;12/12/2022;;non;1;Emploi;Insertion professionnelle;Association loi 1901
Toulouse Métropole;2,43E+13;;;MODAFUSION;8,29E+13;Subvention de Fonctionnement;20000.0;aide en numéraire;échelonné;19/08/2022;;non;1;Mode;Industrie textile;Association loi 1901
Toulouse Métropole;2,43E+13;;;MOUVEMENT ASSOCIATIF OCCITANIE;4,84E+13;Subvention de Fonctionnement;183000.0;aide en numéraire;échelonné;07/12/2022;;non;1;Économie sociale et solidaire;Coordination d'associations;Association loi 1901
Toulouse Métropole;2,43E+13;;;MOUVEMENT EUROPEEN HAUTE-GARONNE ASSOC;8,10E+13;Subvention de Fonctionnement;900.0;aide en numéraire;unique;09/06/2022;;non;1;Politique;Mouvement européen;Association loi 1901
Toulouse Métropole;2,43E+13;;;NATURE EN OCCITANIE;3,23E+13;Subvention de Fonctionnement;13300.0;aide en numéraire;unique;24/11/2022;;non;1;Environnement;Protection de la nature;Association loi 1901
Toulouse Métropole;2,43E+13;;;NEOS FILMS SARL;8,21E+13;Subvention d'équipement;4000.0;aide en numéraire;unique;25/08/2022;;non;1;Cinéma;Production audiovisuelle;Société à responsabilité limitée (SARL)
Toulouse Métropole;2,43E+13;;;NUBBO;4,33E+13;Subvention de Fonctionnement;49000.0;aide en numéraire;unique;16/12/2022;;non;1;Conseil;Conseil pour les affaires et autres conseils de gestion;Association loi 1901
Toulouse Métropole;2,43E+13;;;OBSERVER IMMOBILIER TOULOUSAIN;4,81E+13;Subvention de Fonctionnement;20000.0;aide en numéraire;unique;12/08/2022;;non;1;Immobilier;Agence immobilière;Association loi 1901
Toulouse Métropole;2,43E+13;;;OCCITANIE COOPERATION;7,89E+13;Subvention de Fonctionnement;5000.0;aide en numéraire;unique;01/12/2022;;non;1;Économie sociale et solidaire;Développement;Association loi 1901
Toulouse Métropole;2,43E+13;;;OCCITANIE EUROPE;4,40E+13;Subvention de Fonctionnement;32100.0;aide en numéraire;unique;08/04/2022;;non;1;Politique;Représentation régionale;Association loi 1901
Toulouse Métropole;2,43E+13;;;OCTOPUS;3,54E+13;Subvention de Fonctionnement;4000.0;aide en numéraire;unique;10/05/2022;;non;1;Culture;Musique;Association loi 1901
Toulouse Métropole;2,43E+13;;;OLDTOOTH BREWERY;8,91E+13;Subvention d'équipement;1000.0;aide en numéraire;unique;18/01/2022;;non;1;Agroalimentaire;Brasserie artisanale;Société à responsabilité limitée (SARL)
Toulouse Métropole;2,43E+13;;;ONERA;7,76E+13;Subvention de Fonctionnement;47251.0;aide en numéraire;unique;13/10/2022;;non;1;Recherche;Aérospatiale;Établissement public
Toulouse Métropole;2,43E+13;;;OPH 31 OFFICE PUBLIC DE L HABITAT HAUTE GARONNE;2,73E+13;Subvention d'équipement;49500.0;aide en numéraire;échelonné;13/12/2022;;non;1;Immobilier;Logement social;Établissement public
Toulouse Métropole;2,43E+13;;;OPPIDEA SEM;5,29E+13;Subvention d'équipement;10558197.3;aide en numéraire;échelonné;19/12/2022;;non;1;Aménagement du territoire;Urbanisme;Société d'économie mixte (SEM)
Toulouse Métropole;2,43E+13;;;ORAL;9,02E+13;Subvention de Fonctionnement;7000.0;aide en numéraire;unique;14/12/2022;;non;1;Culture;Arts du spectacle vivant;Association loi 1901
Toulouse Métropole;2,43E+13;;;ORCHESTRE DE CHAMBRE DE TOULOUSE SCCP;4,80E+13;Subvention de Fonctionnement;63000.0;aide en numéraire;échelonné;02/12/2022;;non;1;Culture;Musique classique;Association loi 1901
Toulouse Métropole;2,43E+13;;;PAIERIE DEP DE LA HAUTE-GARONNE;1,30E+13;Subvention de Fonctionnement;222631.17;aide en numéraire;échelonné;10/10/2022;;non;1;Administration publique;Finances publiques;Service de l'État
Toulouse Métropole;2,43E+13;;;PAR HAZ ART;4,41E+13;Subvention de Fonctionnement;4000.0;aide en numéraire;unique;06/10/2022;;non;1;Culture;Arts de la rue;Association loi 1901
Toulouse Métropole;2,43E+13;;;PARCOURS LE MONDE SUD OUEST ASSOC;8,18E+13;Subvention de Fonctionnement;2000.0;aide en numéraire;unique;09/06/2022;;non;1;Tourisme;Voyage et découverte;Association loi 1901
Toulouse Métropole;2,43E+13;;;PARLE AVEC ELLES;5,32E+13;Subvention de Fonctionnement;1800.0;aide en numéraire;unique;16/12/2022;;non;1;Développement local;Aide aux femmes;Association loi 1901
Toulouse Métropole;2,43E+13;;;PARTAGEONS LES JARDINS;5,40E+13;Subvention de Fonctionnement;14000.0;aide en numéraire;échelonné;14/12/2022;;non;1;Environnement;Jardins partagés;Association loi 1901
Toulouse Métropole;2,43E+13;;;PARTNERS INT TO RESOLVE AROUND THERAPIES EPISTEMOLOGY;8,92E+13;Subvention de Fonctionnement;1000.0;aide en numéraire;unique;18/11/2022;;non;1;Santé;N/A;Association loi 1901
Toulouse Métropole;2,43E+13;;;PATRIMOINE LANGUEDOCIENNE HLM SA;5,51E+13;Subvention d'équipement;1449210.0;aide en numéraire;échelonné;15/11/2022;;non;1;Immobilier;Logement social;Société Anonyme (SA)
Toulouse Métropole;2,43E+13;;;PH NEUTRE DESIGN;4,49E+13;Subvention d'équipement;300.0;aide en numéraire;unique;05/12/2022;;non;1;Artisanat;"Fabrication d’objets divers en bois ; fabrication d’objets en liège, vannerie et sparterie";Société à responsabilité limitée (SARL)
Toulouse Métropole;2,43E+13;;;PHARMACIE HUMANITAIRE INTERNATIONALE;4,84E+13;Subvention d'équipement;10600.0;aide en numéraire;unique;03/08/2022;;non;1;Santé;Aide humanitaire;Association loi 1901
Toulouse Métropole;2,43E+13;;;PHARMACIE O CENTRE SELARL;8,34E+13;Subvention d'équipement;300.0;aide en numéraire;unique;13/07/2022;;non;1;Santé;Pharmacie;Société d'exercice libéral à responsabilité limitée (SELARL)
Toulouse Métropole;2,43E+13;;;PHARMACIE ROUZAUD;5,24E+13;Subvention d'équipement;1000.0;aide en numéraire;unique;28/10/2022;;non;1;Santé;Pharmacie;Société d'exercice libéral à responsabilité limitée (SELARL)
Toulouse Métropole;2,43E+13;;;PHARMACIE ST GEORGES;8,94E+13;Subvention d'équipement;1000.0;aide en numéraire;unique;10/06/2022;;non;1;Santé;Pharmacie;Société d'exercice libéral à responsabilité limitée (SELARL)
Toulouse Métropole;2,43E+13;;;PICOJOULE;7,99E+13;Subvention de Fonctionnement;2000.0;aide en numéraire;unique;08/07/2022;;non;1;Énergie;Transition énergétique;Association loi 1901
Toulouse Métropole;2,43E+13;;;PLURALITES SARL;8,25E+13;Subvention d'équipement;1000.0;aide en numéraire;unique;15/03/2022;;non;1;Bâtiment et travaux publics (BTP);Architecture;Société à responsabilité limitée (SARL)
Toulouse Métropole;2,43E+13;;;POINT DU JOUR SAS;4,11E+13;Subvention d'équipement;9000.0;aide en numéraire;unique;04/08/2022;;non;1;Immobilier;Location de terrains et d’autres biens immobiliers;Société civile immobilière (SCI)
Toulouse Métropole;2,43E+13;;;POINT RENCONTRE CHOMEURS ET PRECAIRE ASSOC;4,03E+13;Subvention de Fonctionnement;10200.0;aide en numéraire;unique;10/10/2022;;non;1;Emploi;Soutien aux chômeurs;Association loi 1901
Toulouse Métropole;2,43E+13;;;POLE EMPLOI MIDI PYRENEES;1,30E+13;Subvention de Fonctionnement;670034.85;aide en numéraire;échelonné;13/12/2022;;non;1;Emploi;Insertion professionnelle;Établissement public
Toulouse Métropole;2,43E+13;;;POUR PROMOTION CIRCUIT CANDIE ASSOC;7,95E+13;Subvention de Fonctionnement;1620.0;aide en numéraire;unique;12/08/2022;;non;1;Sport;Cyclisme;Association loi 1901
Toulouse Métropole;2,43E+13;;;POURQUOI PAS MOI;5,11E+13;Subvention de Fonctionnement;3000.0;aide en numéraire;unique;14/12/2022;;non;1;Action sociale;Aide aux personnes en difficulté;Association loi 1901
Toulouse Métropole;2,43E+13;;;PREVENTION ROUTIERE ASSOC;7,76E+13;Subvention de Fonctionnement;1800.0;aide en numéraire;unique;12/08/2022;;non;1;Sécurité;Prévention routière;Association loi 1901
Toulouse Métropole;2,43E+13;;;PROMOLOGIS-SA D HABITATION LOYER MODERE;6,91E+13;Subvention d'équipement;1395526.0;aide en numéraire;échelonné;15/12/2022;;non;1;Immobilier;Logement social;Société Anonyme (SA)
Toulouse Métropole;2,43E+13;;;PRO-PORTION;8,28E+13;Subvention de Fonctionnement;4102.5;aide en numéraire;échelonné;19/10/2022;;non;1;Bâtiment et travaux publics (BTP);Urbanisme;Association loi 1901
Toulouse Métropole;2,43E+13;;;PROZIC SARL;4,83E+13;Subvention d'équipement;6000.0;aide en numéraire;unique;10/08/2022;;non;1;Culture;Production musicale;Société à responsabilité limitée (SARL)
Toulouse Métropole;2,43E+13;;;RAMALLAH MUNICIPALITY;;Subvention d'équipement;42977.5;aide en numéraire;unique;01/12/2022;;non;1;Administration publique;Mairie;Collectivité territoriale
Toulouse Métropole;2,43E+13;;;REBONDS;4,78E+13;Subvention de Fonctionnement;22000.0;aide en numéraire;échelonné;22/06/2022;;non;1;Culture;Loisirs pour enfants;Association loi 1901
Toulouse Métropole;2,43E+13;;;RECUP OCCITANIE;8,78E+13;Subvention de Fonctionnement;2000.0;aide en numéraire;unique;02/08/2022;;non;1;Environnement;Recyclage;Association loi 1901
Toulouse Métropole;2,43E+13;;;REFLET 31;4,82E+13;Subvention de Fonctionnement;30233.76;aide en numéraire;échelonné;13/12/2022;;non;1;Économie sociale et solidaire;Agence de communication;Association loi 1901
Toulouse Métropole;2,43E+13;;;REG SAUVEGARDE ENFANT ADO ADUL ARSEAA;7,76E+13;Subvention de Fonctionnement;56050.0;aide en numéraire;unique;19/12/2022;;non;1;Action sociale;Aide sociale;Association loi 1901
Toulouse Métropole;2,43E+13;;;REGION OCCITANIE;2,00E+13;Subvention d'équipement;64812.64;aide en numéraire;échelonné;08/12/2022;;non;1;Administration publique;Région;Collectivité territoriale
Toulouse Métropole;2,43E+13;;;RENOVATION 31;3,83E+13;Subvention d'équipement;300.0;aide en numéraire;unique;18/10/2022;;non;1;Bâtiment et travaux publics (BTP);Rénovation immobilière;Société par actions simplifiée (SAS)
Toulouse Métropole;2,43E+13;;;REPAR HABITAT;3,50E+13;Subvention d'équipement;628.0;aide en numéraire;unique;13/10/2022;;non;1;Bâtiment et travaux publics (BTP);Rénovation de l'habitat;Association loi 1901
Toulouse Métropole;2,43E+13;;;RESEAU ENTREPRENDRE OCCITANIE GARONNE;4,49E+13;Subvention de Fonctionnement;14838.0;aide en numéraire;échelonné;16/12/2022;;non;1;Entrepreneuriat;Accompagnement des entrepreneurs;Association loi 1901
Toulouse Métropole;2,43E+13;;;RESO H AND FAMILY;9,09E+13;Subvention de Fonctionnement;981.0;aide en numéraire;unique;08/12/2022;;non;1;Action sociale;Aide aux personnes en difficulté;Association loi 1901
Toulouse Métropole;2,43E+13;;;RESTAURANT DU COEUR LES RELAIS DU COEUR ASSOC;3,82E+13;Subvention de Fonctionnement;13000.0;aide en numéraire;échelonné;13/12/2022;;non;1;Action sociale;Aide aux personnes démunies;Association loi 1901
Toulouse Métropole;2,43E+13;;;REUSSIR CLUB D ENTREPRISES ASSOC;4,33E+13;Subvention de Fonctionnement;22483.59;aide en numéraire;échelonné;10/10/2022;;non;1;Entreprise;Réseau d'entreprises;Association loi 1901
Toulouse Métropole;2,43E+13;;;ROTARY CLUB ASSOC;7,77E+13;Subvention d'équipement;20000.0;aide en numéraire;échelonné;15/12/2022;;non;1;Action sociale;Aide sociale;Association loi 1901
Toulouse Métropole;2,43E+13;;;SA D HABITATIONS A LOYER MODERE ALTEAL SA;6,31E+13;Subvention d'équipement;1592032.0;aide en numéraire;échelonné;30/11/2022;;non;1;Immobilier;Logement social;Société Anonyme (SA)
Toulouse Métropole;2,43E+13;;;SAFRAN SA;5,62E+13;Subvention de Fonctionnement;954.02;aide en numéraire;échelonné;10/10/2022;;non;1;Aéronautique;Aéronautique et défense;Société Anonyme (SA)
Toulouse Métropole;2,43E+13;;;SAPTARSHI IT CONSULTING;8,45E+13;Subvention d'équipement;1000.0;aide en numéraire;unique;13/01/2022;;non;1;Numérique;Conseil en informatique;Société à responsabilité limitée (SARL)
Toulouse Métropole;2,43E+13;;;SARL CYPRES DES VILLES;7,50E+13;Subvention d'équipement;1000.0;aide en numéraire;unique;08/04/2022;;non;1;Immobilier;Promotion immobilière;Société à responsabilité limitée (SARL)
Toulouse Métropole;2,43E+13;;;SARL MECANICYCLE;8,82E+13;Subvention d'équipement;2000.0;aide en numéraire;unique;09/06/2022;;non;1;Commerce de détail;Vélos;Société à responsabilité limitée (SARL)
Toulouse Métropole;2,43E+13;;;SCI DES ACTIVITES DE L ORDRE DE MALTE FRANCE;8,25E+13;Subvention de Fonctionnement;5000.0;aide en numéraire;unique;06/10/2022;;non;1;Immobilier;Immobilier d'entreprise;Société civile immobilière (SCI)
Toulouse Métropole;2,43E+13;;;SCI DUPONT;8,45E+13;Subvention d'équipement;9115.0;aide en numéraire;unique;08/11/2022;;non;1;Immobilier;Promotion immobilière;Société civile immobilière (SCI)
Toulouse Métropole;2,43E+13;;;SCI LES TOITS;5,21E+13;Subvention d'équipement;3272.5;aide en numéraire;unique;31/05/2022;;non;1;Immobilier;Gestion immobilière;Société civile immobilière (SCI)
Toulouse Métropole;2,43E+13;;;SECOURS CATHOLIQUE ASSOC;7,76E+13;Subvention de Fonctionnement;5000.0;aide en numéraire;unique;06/10/2022;;non;1;Action sociale;Aide aux personnes en difficulté;Association loi 1901
Toulouse Métropole;2,43E+13;;;SECRETARIAT D ETAT AUPRES DU MINISTRE ECONOMIE ET FINANCES;1,10E+13;Subvention d'équipement;77952.0;aide en numéraire;unique;06/07/2022;;non;1;Politique;Administration publique;Service de l'État
Toulouse Métropole;2,43E+13;;;SEM SO TOULOUSE;5,18E+13;Subvention de Fonctionnement;61415.12;aide en numéraire;unique;18/10/2022;;non;1;Conseil;Marketing;Société d'économie mixte (SEM)
Toulouse Métropole;2,43E+13;;;SEMECCEL CITE DE L ESPACE;4,08E+13;Subvention de Fonctionnement;6778498.7;aide en numéraire;échelonné;15/11/2022;;non;1;Culture;Musée et parc à thème;Société d'économie mixte (SEM)
Toulouse Métropole;2,43E+13;;;SFR FIBRE SAS;4,00E+13;Subvention d'équipement;12976.56;aide en numéraire;unique;07/03/2022;;non;1;Télécommunications;Fournisseur d'accès internet;Société par actions simplifiée (SAS)
Toulouse Métropole;2,43E+13;;;SIECLE PRODUCTIONS;5,10E+13;Subvention d'équipement;22500.0;aide en numéraire;unique;30/11/2022;;non;1;Cinéma;Production audiovisuelle;Société par actions simplifiée (SAS)
Toulouse Métropole;2,43E+13;;;SIMON DE CYRENE TOULOUSE;8,80E+13;Subvention d'équipement;11035.0;aide en numéraire;unique;14/12/2022;;non;1;Action sociale;Hébergement et accompagnement;Association loi 1901
Toulouse Métropole;2,43E+13;;;SLOW;7,99E+13;Subvention d'équipement;1000.0;aide en numéraire;unique;30/05/2022;;non;1;Mode;Mode éthique et durable;Société par actions simplifiée (SAS)
Toulouse Métropole;2,43E+13;;;SNCF GARES ET CONNEXIONS SA;5,08E+13;Subvention d'équipement;70000.0;aide en numéraire;unique;16/12/2022;;non;1;Transport;Transport ferroviaire;Société Anonyme (SA)
Toulouse Métropole;2,43E+13;;;SNCF RESEAU;4,12E+13;Subvention d'équipement;1685775.51;aide en numéraire;échelonné;16/12/2022;;non;1;Transport;Transport ferroviaire;Société Anonyme (SA)
Toulouse Métropole;2,43E+13;;;SOCIETE DU GRAND PROJET DU SUD OUEST;9,22E+13;Subvention d'équipement;1500000.0;aide en numéraire;unique;16/12/2022;;non;1;Aménagement du territoire;Développement local;Société publique locale
Toulouse Métropole;2,43E+13;;;SOLAGRO ASSOC;3,25E+13;Subvention de Fonctionnement;90420.0;aide en numéraire;échelonné;19/05/2022;;non;1;Environnement;Agriculture durable;Association loi 1901
Toulouse Métropole;2,43E+13;;;SOLIHA HAUTE GARONNE;7,77E+13;Subvention de Fonctionnement;4671.0;aide en numéraire;unique;16/12/2022;;non;1;Immobilier;Logement social;Association loi 1901
Toulouse Métropole;2,43E+13;;;SOLINUM;8,22E+13;Subvention de Fonctionnement;50050.0;aide en numéraire;unique;13/12/2022;;non;1;Numérique;Services informatiques;Association loi 1901
Toulouse Métropole;2,43E+13;;;SOPRA STERIA GROUP SA;3,27E+13;Subvention de Fonctionnement;619864.32;aide en numéraire;échelonné;10/10/2022;;non;1;Numérique;Services informatiques;Société Anonyme (SA)
Toulouse Métropole;2,43E+13;;;SOUFFLEURS DE SENS;3,41E+13;Subvention de Fonctionnement;3000.0;aide en numéraire;unique;15/12/2022;;non;1;Action sociale;Aide aux personnes en difficulté;Association loi 1901
Toulouse Métropole;2,43E+13;;;SPL AGENCE ATTRACTIVITE DE TOULOUSE METROPOLE;9,03E+13;Subvention de Fonctionnement;5151924.0;aide en numéraire;échelonné;25/07/2022;;non;1;Développement local;Attractivité du territoire;SA conseil d'administration
Toulouse Métropole;2,43E+13;;;SPORT UNLIMITECH;8,95E+13;Subvention de Fonctionnement;15000.0;aide en numéraire;unique;14/12/2022;;non;1;Sport;Articles de sport;Société par actions simplifiée (SAS)
Toulouse Métropole;2,43E+13;;;SPOT AIR;4,95E+13;Subvention de Fonctionnement;2000.0;aide en numéraire;échelonné;09/12/2022;;non;1;Sport;Sport;Association loi 1901
Toulouse Métropole;2,43E+13;;;SUD DE FRANCE DEVELOPPEMENT SA;3,31E+13;Subvention de Fonctionnement;30000.0;aide en numéraire;unique;15/12/2022;;non;1;Culture;Promotion économique de la région;Société Anonyme (SA)
Toulouse Métropole;2,43E+13;;;SUD OUEST NETTOYAGE;4,14E+13;Subvention d'équipement;933.0;aide en numéraire;unique;08/12/2022;;non;1;Entreprise;Nettoyage industriel;Société à responsabilité limitée (SARL)
Toulouse Métropole;2,43E+13;;;SYMPHONY PATRIMOINE CONSEIL;8,41E+13;Subvention d'équipement;1000.0;aide en numéraire;unique;09/06/2022;;non;1;Finance;Conseil en gestion de patrimoine;Société à responsabilité limitée (SARL)
Toulouse Métropole;2,43E+13;;;SYNDICAT CGT TOULOUSE METROPOLE;8,89E+13;Subvention de Fonctionnement;995.2;aide en numéraire;unique;19/12/2022;;non;1;Économie sociale et solidaire;Syndicat;Syndicat
Toulouse Métropole;2,43E+13;;;SYNDICAT DES TERRITORIAUX SNIAT;8,17E+13;Subvention de Fonctionnement;169.2;aide en numéraire;unique;19/12/2022;;non;1;Économie sociale et solidaire;Syndicat;Syndicat
Toulouse Métropole;2,43E+13;;;SYNDICAT FORCE OUVRIERE TM;8,79E+13;Subvention de Fonctionnement;2357.2;aide en numéraire;unique;19/12/2022;;non;1;Économie sociale et solidaire;Syndicat;Syndicat
Toulouse Métropole;2,43E+13;;;SYNDICAT INTERCO CFDT MAIRIE TOULOUSE METROPOLE;8,79E+13;Subvention de Fonctionnement;783.4;aide en numéraire;unique;19/12/2022;;non;1;Économie sociale et solidaire;Syndicat;Syndicat
Toulouse Métropole;2,43E+13;;;SYNDICAT LES ABATTOIRS;2,53E+13;Subvention de Fonctionnement;105000.0;aide en numéraire;échelonné;13/12/2022;;non;1;Administration publique;Gestion d'abattoirs;Syndicat
Toulouse Métropole;2,43E+13;;;SYNDICAT LOCAL DEPARTEMENTAL DE LA FSU TERRITORIALE DU 31;9,00E+13;Subvention de Fonctionnement;166.2;aide en numéraire;unique;19/12/2022;;non;1;Économie sociale et solidaire;Syndicat;Syndicat
Toulouse Métropole;2,43E+13;;;SYNDICAT UNSA TOULOUSE METROPOLE;9,01E+13;Subvention de Fonctionnement;1429.6;aide en numéraire;unique;19/12/2022;;non;1;Éducation;Syndicat;Syndicat
Toulouse Métropole;2,43E+13;;;TABO TABO FILMS SAS;3,93E+13;Subvention d'équipement;15000.0;aide en numéraire;unique;04/08/2022;;non;1;Cinéma;Production audiovisuelle;Société par actions simplifiée (SAS)
Toulouse Métropole;2,43E+13;;;TACTIKOLLECTIF;4,20E+13;Subvention de Fonctionnement;12000.0;aide en numéraire;unique;01/08/2022;;non;1;Culture;Arts de la rue;Association loi 1901
Toulouse Métropole;2,43E+13;;;TAT PRODUCTIONS SARL;4,33E+13;Subvention d'équipement;11000.0;aide en numéraire;unique;24/11/2022;;non;1;Cinéma;Production audiovisuelle;Société à responsabilité limitée (SARL)
Toulouse Métropole;2,43E+13;;;TERRE D ENVOL;8,20E+13;Subvention de Fonctionnement;12451.04;aide en numéraire;échelonné;07/12/2022;;non;1;Environnement;Agriculture biologique;Association loi 1901
Toulouse Métropole;2,43E+13;;;TERRE DE LIENS MIDI PYRENEES;5,08E+13;Subvention de Fonctionnement;1172.19;aide en numéraire;unique;05/09/2022;;non;1;Environnement;Agriculture durable;Association loi 1901
Toulouse Métropole;2,43E+13;;;TERRITOIRES LOGEMENT ET ANALYSES SOCIALES ASSOC;5,32E+13;Subvention de Fonctionnement;20400.0;aide en numéraire;unique;12/09/2022;;non;1;Aménagement du territoire;Aménagement du territoire;Organisme de recherche
Toulouse Métropole;2,43E+13;;;THE BOTANISTE;8,81E+13;Subvention d'équipement;1000.0;aide en numéraire;unique;12/07/2022;;non;1;Restauration;Restauration traditionnelle;Société par actions simplifiée (SAS)
Toulouse Métropole;2,43E+13;;;TOULOUSE ESPACE COUTURE;9,01E+13;Subvention de Fonctionnement;12000.0;aide en numéraire;unique;07/07/2022;;non;1;Mode;Couture et retouches;Association loi 1901
Toulouse Métropole;2,43E+13;;;TOULOUSE LE MARATHON DU LIVRE ASSOC;4,82E+13;Subvention de Fonctionnement;406000.0;aide en numéraire;échelonné;14/12/2022;;non;1;Culture;Littérature;Association loi 1901
Toulouse Métropole;2,43E+13;;;TOULOUSE METROPOLE ACTIVITES IMMOBILIERES;2,43E+13;Subvention d'équipement;1034025.62;aide en numéraire;échelonné;19/12/2022;;non;1;Immobilier;Promotion immobilière;Société publique locale
Toulouse Métropole;2,43E+13;;;TOULOUSE METROPOLE EAU POTABLE;2,43E+13;Subvention d'équipement;20512.84;aide en numéraire;échelonné;19/12/2022;;non;1;Administration publique;Distribution d'eau potable;Service public
Toulouse Métropole;2,43E+13;;;TOULOUSE METROPOLE EMPLOI ASSOC;4,93E+13;Subvention de Fonctionnement;306000.0;aide en numéraire;échelonné;17/11/2022;;non;1;Emploi;Insertion professionnelle;Association loi 1901
Toulouse Métropole;2,43E+13;;;TOULOUSE METROPOLE HABITAT;4,00E+13;Subvention d'équipement;6692246.0;aide en numéraire;échelonné;15/12/2022;;non;1;Immobilier;Logement social;Établissement public
Toulouse Métropole;2,43E+13;;;TOULOUSE METROPOLE LASBORDES;2,43E+13;Subvention d'équipement;160984.8;aide en numéraire;unique;06/12/2022;;non;1;Aménagement du territoire;Zone d'activités;Collectivité territoriale
Toulouse Métropole;2,43E+13;;;TOULOUSE METROPOLE ORCHESTRE NATIONAL ET THEATRE DU CAPITOLE;2,43E+13;Subvention de Fonctionnement;10000.0;aide en numéraire;unique;09/12/2022;;non;1;Culture;Musique classique;Association loi 1901
Toulouse Métropole;2,43E+13;;;TOULOUSE METROPOLE ORCHESTRE NATIONAL ET THEATRE DU CAPITOLE;2,43E+13;Subvention d'équipement;1890000.0;aide en numéraire;échelonné;14/12/2022;;non;1;Culture;Musique classique;Association loi 1901
Toulouse Métropole;2,43E+13;;;TOULOUSE POLARS DU SUD ASSOC;5,10E+13;Subvention de Fonctionnement;39560.0;aide en numéraire;unique;28/02/2022;;non;1;Culture;Littérature policière;Association loi 1901
Toulouse Métropole;2,43E+13;;;UDAF 31 ASSOC;7,77E+13;Subvention de Fonctionnement;2500.0;aide en numéraire;unique;18/08/2022;;non;1;Services sociaux;Aide à la famille;Association loi 1901
Toulouse Métropole;2,43E+13;;;UFCV MIDI PYRENEES ASSOC;7,76E+13;Subvention de Fonctionnement;2500.0;aide en numéraire;unique;14/12/2022;;non;1;Tourisme;Tourisme et loisirs;Association loi 1901
Toulouse Métropole;2,43E+13;;;UKRAINE LIBRE;9,12E+13;Subvention de Fonctionnement;20000.0;aide en numéraire;unique;30/09/2022;;non;1;Action sociale;Soutien à l'Ukraine;Association loi 1901
Toulouse Métropole;2,43E+13;;;UN ENFANT DES PARRAINS;5,30E+13;Subvention de Fonctionnement;2000.0;aide en numéraire;unique;04/08/2022;;non;1;Action sociale;Parrainage d'enfants;Association loi 1901
Toulouse Métropole;2,43E+13;;;UNION DEP CONSOMMATION LOGEMENT ET CADRE DE VIE CLCV31 ASSOC;4,24E+13;Subvention de Fonctionnement;4000.0;aide en numéraire;unique;17/11/2022;;non;1;Action sociale;Défense des consommateurs;Association loi 1901
Toulouse Métropole;2,43E+13;;;UNION REG SOCIETES COOPERATIVE DE PRODUCTION ASSOC;3,12E+13;Subvention de Fonctionnement;10000.0;aide en numéraire;unique;13/07/2022;;non;1;Entreprise;Fédération de coopératives;Association loi 1901
Toulouse Métropole;2,43E+13;;;UNIS CITE;3,98E+13;Subvention de Fonctionnement;16000.0;aide en numéraire;échelonné;30/11/2022;;non;1;Service civique;Engagement des jeunes;Association loi 1901
Toulouse Métropole;2,43E+13;;;UNIS CITE;3,98E+13;Subvention de Fonctionnement;20000.0;aide en numéraire;échelonné;16/12/2022;;non;1;Service civique;Engagement des jeunes;Association loi 1901
Toulouse Métropole;2,43E+13;;;UNIVERSITE DE CAEN;1,91E+13;Subvention de Fonctionnement;3609.35;aide en numéraire;unique;25/07/2022;;non;1;Éducation;Enseignement supérieur;Établissement public
Toulouse Métropole;2,43E+13;;;UNIVERSITE FEDERALE DE TOULOUSE MIDI-PYRENEES;1,30E+13;Subvention de Fonctionnement;90000.0;aide en numéraire;échelonné;15/12/2022;;non;1;Éducation;Enseignement supérieur;Établissement public
Toulouse Métropole;2,43E+13;;;UNIVERSITE FEDERALE DE TOULOUSE MIDI-PYRENEES;1,30E+13;Subvention d'équipement;450000.0;aide en numéraire;unique;13/12/2022;;non;1;Éducation;Enseignement supérieur;Établissement public
Toulouse Métropole;2,43E+13;;;UNIVERSITE PAUL SABATIER TOULOUSE III;1,93E+13;Subvention de Fonctionnement;808252.0;aide en numéraire;échelonné;18/11/2022;;non;1;Éducation;Enseignement supérieur;Établissement public
Toulouse Métropole;2,43E+13;;;UNIVERSITE PAUL SABATIER TOULOUSE III;1,93E+13;Subvention d'équipement;50830.0;aide en numéraire;échelonné;13/10/2022;;non;1;Éducation;Enseignement supérieur;Établissement public
Toulouse Métropole;2,43E+13;;;UNIVERSITE TLSE II JEAN JAURES;1,93E+13;Subvention d'équipement;758411.25;aide en numéraire;échelonné;14/10/2022;;non;1;Éducation;Enseignement supérieur;Établissement public
Toulouse Métropole;2,43E+13;;;USH HABITAT SOCIAL EN OCCITANIE MP;3,28E+13;Subvention de Fonctionnement;10000.0;aide en numéraire;unique;31/05/2022;;non;1;Immobilier;Logement social;Association loi 1901
Toulouse Métropole;2,43E+13;;;VD IMMO SRL;8,12E+13;Subvention d'équipement;67558.0;aide en numéraire;échelonné;09/12/2022;;non;1;Immobilier;Agence immobilière;Société à responsabilité limitée (SARL)
Toulouse Métropole;2,43E+13;;;VEO NEWS SARL;4,95E+13;Subvention d'équipement;15000.0;aide en numéraire;unique;22/02/2022;;non;1;Médias;Presse audiovisuelle;Société à responsabilité limitée (SARL)
Toulouse Métropole;2,43E+13;;;VERS RESEAU ACHAT EN COMMUN TOULOUSE METROPOLE;8,45E+13;Subvention de Fonctionnement;15000.0;aide en numéraire;unique;28/04/2022;;non;1;Développement local;Commerce équitable;Association loi 1901
Toulouse Métropole;2,43E+13;;;VIRTU AILES;4,91E+13;Subvention de Fonctionnement;5000.0;aide en numéraire;échelonné;13/12/2022;;non;1;Culture;aéronautique;Association loi 1901
Toulouse Métropole;2,43E+13;;;VOIR ET COMPRENDRE ASSOCIATION;3,23E+13;Subvention de Fonctionnement;6000.0;aide en numéraire;unique;16/12/2022;;non;1;Culture;Arts visuels;Association loi 1901
Toulouse Métropole;2,43E+13;;;VOYAGER EN IMAGES;8,23E+13;Subvention de Fonctionnement;1200.0;aide en numéraire;unique;09/06/2022;;non;1;Tourisme;Photographie de voyage;Association loi 1901
Toulouse Métropole;2,43E+13;;;XBO FILMS SARL;4,48E+13;Subvention d'équipement;63000.0;aide en numéraire;échelonné;04/08/2022;;non;1;Cinéma;Production audiovisuelle;Société à responsabilité limitée (SARL)
Toulouse Métropole;2,43E+13;;;ZEBAU ZETRUM FUR ENERGIE;;Subvention de Fonctionnement;20625.0;aide en numéraire;échelonné;14/11/2022;;non;1;Énergie;Énergies renouvelables;Société à responsabilité limitée (SARL)
Toulouse Métropole;2,43E+13;;;ZERO WASTE TOULOUSE;8,39E+13;Subvention de Fonctionnement;1500.0;aide en numéraire;unique;21/07/2022;;non;1;Environnement;Zéro déchet;Association loi 1901
